fecha,n12,n3,n34,n4
1981-09-01,0.055,-0.034,-0.034,-0.087
1981-09-02,0.125,-0.068,-0.046,-0.086
1981-09-03,0.205,-0.132,-0.089,-0.061
1981-09-04,-0.088,-0.229,-0.279,-0.167
1981-09-05,-0.346,-0.255,-0.333,-0.287
1981-09-06,-0.382,-0.222,-0.299,-0.311
1981-09-07,-0.488,-0.217,-0.350,-0.310
1981-09-08,-0.620,-0.235,-0.370,-0.308
1981-09-09,-0.560,-0.277,-0.280,-0.147
1981-09-10,-0.431,-0.295,-0.180,0.060
1981-09-11,-0.383,-0.201,-0.049,0.374
1981-09-12,-0.477,-0.155,-0.002,0.330
1981-09-13,-0.511,-0.109,0.029,0.203
1981-09-14,-0.624,-0.101,0.025,-0.015
1981-09-15,-0.801,-0.182,-0.049,-0.027
1981-09-16,-0.917,-0.246,-0.208,-0.134
1981-09-17,-1.033,-0.322,-0.309,-0.200
1981-09-18,-1.107,-0.478,-0.398,-0.284
1981-09-19,-0.721,-0.565,-0.421,-0.278
1981-09-20,-0.401,-0.594,-0.480,-0.294
1981-09-21,-0.249,-0.601,-0.559,-0.175
1981-09-22,-0.286,-0.579,-0.514,-0.161
1981-09-23,-0.332,-0.579,-0.486,-0.159
1981-09-24,-0.319,-0.622,-0.478,-0.226
1981-09-25,-0.375,-0.608,-0.530,-0.357
1981-09-26,-0.403,-0.508,-0.586,-0.567
1981-09-27,-0.504,-0.400,-0.585,-0.606
1981-09-28,-0.651,-0.344,-0.520,-0.600
1981-09-29,-0.729,-0.311,-0.455,-0.483
1981-09-30,-0.860,-0.255,-0.379,-0.399
1981-10-01,-0.869,-0.168,-0.303,-0.341
1981-10-02,-0.809,-0.060,-0.238,-0.328
1981-10-03,-0.820,-0.021,-0.256,-0.355
1981-10-04,-0.798,-0.037,-0.278,-0.364
1981-10-05,-0.638,-0.070,-0.201,-0.350
1981-10-06,-0.714,-0.050,-0.135,-0.248
1981-10-07,-0.629,-0.082,-0.070,-0.112
1981-10-08,-0.610,-0.176,-0.039,0.135
1981-10-09,-0.858,-0.081,0.019,0.287
1981-10-10,-1.009,0.003,-0.111,0.145
1981-10-11,-1.005,0.022,-0.212,-0.132
1981-10-12,-1.041,0.027,-0.265,-0.329
1981-10-13,-1.079,0.043,-0.291,-0.368
1981-10-14,-0.963,0.002,-0.282,-0.300
1981-10-15,-0.816,-0.089,-0.173,0.076
1981-10-16,-0.779,-0.075,-0.086,0.250
1981-10-17,-0.832,-0.045,0.014,0.410
1981-10-18,-0.874,-0.046,0.038,0.455
1981-10-19,-0.830,-0.039,0.095,0.409
1981-10-20,-0.803,-0.032,0.168,0.334
1981-10-21,-0.679,-0.061,0.171,0.292
1981-10-22,-0.626,-0.049,0.218,0.273
1981-10-23,-0.514,-0.054,0.108,0.085
1981-10-24,-0.448,-0.065,0.051,0.036
1981-10-25,-0.494,-0.028,0.053,0.141
1981-10-26,-0.563,-0.053,-0.030,0.104
1981-10-27,-0.543,-0.256,-0.229,-0.012
1981-10-28,-0.538,-0.405,-0.441,-0.138
1981-10-29,-0.573,-0.380,-0.486,-0.225
1981-10-30,-0.552,-0.378,-0.462,-0.283
1981-10-31,-0.490,-0.435,-0.476,-0.210
1981-11-01,-0.423,-0.454,-0.587,-0.184
1981-11-02,-0.395,-0.484,-0.786,-0.334
1981-11-03,-0.485,-0.458,-0.796,-0.394
1981-11-04,-0.612,-0.485,-0.921,-0.461
1981-11-05,-0.824,-0.567,-1.037,-0.443
1981-11-06,-0.895,-0.619,-0.889,-0.314
1981-11-07,-0.837,-0.610,-0.734,-0.216
1981-11-08,-0.964,-0.666,-0.635,-0.153
1981-11-09,-1.054,-0.675,-0.530,-0.165
1981-11-10,-0.800,-0.665,-0.581,-0.267
1981-11-11,-0.486,-0.691,-0.749,-0.360
1981-11-12,-0.420,-0.566,-0.720,-0.346
1981-11-13,-0.459,-0.478,-0.631,-0.328
1981-11-14,-0.545,-0.502,-0.623,-0.292
1981-11-15,-0.501,-0.521,-0.616,-0.245
1981-11-16,-0.304,-0.503,-0.517,-0.150
1981-11-17,-0.141,-0.501,-0.443,-0.070
1981-11-18,-0.066,-0.519,-0.348,0.078
1981-11-19,-0.351,-0.410,-0.244,0.094
1981-11-20,-0.278,-0.288,-0.185,0.084
1981-11-21,-0.196,-0.246,-0.199,0.063
1981-11-22,-0.210,-0.214,-0.144,0.088
1981-11-23,-0.333,-0.312,-0.171,0.097
1981-11-24,-0.336,-0.321,-0.124,0.211
1981-11-25,-0.271,-0.365,-0.100,0.231
1981-11-26,-0.346,-0.385,-0.074,0.213
1981-11-27,-0.398,-0.405,-0.145,0.131
1981-11-28,-0.319,-0.303,-0.079,0.119
1981-11-29,-0.238,-0.293,-0.078,0.116
1981-11-30,-0.251,-0.184,-0.044,0.229
1981-12-01,-0.296,0.082,0.017,0.358
1981-12-02,-0.322,0.073,0.011,0.382
1981-12-03,-0.293,-0.022,0.009,0.272
1981-12-04,-0.282,-0.078,0.010,0.269
1981-12-05,0.059,-0.171,-0.150,0.073
1981-12-06,0.044,-0.433,-0.250,0.072
1981-12-07,-0.035,-0.486,-0.309,-0.041
1981-12-08,-0.079,-0.425,-0.356,-0.124
1981-12-09,-0.000,-0.379,-0.239,-0.043
1981-12-10,0.065,-0.343,-0.225,-0.088
1981-12-11,0.021,-0.348,-0.342,-0.334
1981-12-12,-0.033,-0.367,-0.413,-0.459
1981-12-13,-0.041,-0.398,-0.546,-0.517
1981-12-14,-0.060,-0.455,-0.661,-0.544
1981-12-15,-0.005,-0.495,-0.666,-0.509
1981-12-16,0.046,-0.494,-0.710,-0.490
1981-12-17,-0.131,-0.436,-0.863,-0.639
1981-12-18,-0.059,-0.393,-0.985,-0.798
1981-12-19,0.018,-0.269,-0.866,-0.772
1981-12-20,0.087,-0.123,-0.736,-0.578
1981-12-21,0.097,-0.022,-0.588,-0.260
1981-12-22,0.054,0.120,-0.219,0.188
1981-12-23,-0.070,0.211,-0.005,0.374
1981-12-24,-0.074,0.301,0.077,0.358
1981-12-25,-0.060,0.183,0.034,0.220
1981-12-26,-0.102,0.085,-0.032,0.084
1981-12-27,-0.091,0.077,-0.086,-0.017
1981-12-28,-0.123,0.094,-0.098,-0.116
1981-12-29,-0.120,0.058,-0.209,-0.194
1981-12-30,0.191,0.102,-0.190,-0.087
1981-12-31,-0.028,0.272,-0.005,-0.007
1982-01-01,-0.406,0.359,0.133,0.072
1982-01-02,-0.683,0.429,0.320,0.104
1982-01-03,-0.618,0.405,0.387,0.083
1982-01-04,-0.405,0.306,0.305,0.008
1982-01-05,0.354,0.250,0.170,-0.033
1982-01-06,0.639,0.264,0.067,-0.065
1982-01-07,0.613,0.259,0.020,-0.162
1982-01-08,0.436,0.263,-0.054,-0.365
1982-01-09,0.305,0.218,-0.217,-0.618
1982-01-10,0.101,0.195,-0.172,-0.642
1982-01-11,-0.098,0.162,-0.110,-0.462
1982-01-12,-0.360,0.063,-0.195,-0.410
1982-01-13,-0.379,0.071,-0.151,-0.517
1982-01-14,-0.226,0.088,-0.186,-0.508
1982-01-15,-0.111,0.120,-0.271,-0.533
1982-01-16,-0.070,0.107,-0.257,-0.345
1982-01-17,-0.346,0.039,-0.168,-0.121
1982-01-18,-0.683,-0.007,-0.138,-0.051
1982-01-19,-0.883,-0.102,0.015,-0.067
1982-01-20,-0.954,-0.154,0.080,-0.071
1982-01-21,-0.954,-0.188,0.135,0.071
1982-01-22,-1.051,-0.197,0.165,0.235
1982-01-23,-0.862,-0.090,0.288,0.142
1982-01-24,-0.494,0.047,0.319,0.024
1982-01-25,-0.250,0.135,0.198,0.007
1982-01-26,-0.064,0.236,0.167,-0.004
1982-01-27,0.270,0.256,0.149,0.006
1982-01-28,0.179,0.226,0.146,-0.044
1982-01-29,-0.152,0.113,0.068,-0.179
1982-01-30,-0.394,-0.001,0.023,-0.298
1982-01-31,-0.395,-0.073,0.004,-0.372
1982-02-01,-0.078,0.004,0.009,-0.356
1982-02-02,0.087,0.050,-0.059,-0.393
1982-02-03,-0.004,0.103,-0.044,-0.375
1982-02-04,-0.163,0.069,-0.075,-0.297
1982-02-05,-0.181,0.062,-0.106,-0.269
1982-02-06,-0.199,0.039,-0.209,-0.281
1982-02-07,-0.207,-0.063,-0.232,-0.098
1982-02-08,-0.587,-0.124,-0.259,-0.094
1982-02-09,-0.588,-0.055,-0.223,-0.075
1982-02-10,-0.351,-0.102,-0.287,-0.062
1982-02-11,-0.466,-0.160,-0.379,-0.061
1982-02-12,-0.458,-0.208,-0.467,-0.135
1982-02-13,-0.486,-0.174,-0.598,-0.308
1982-02-14,-0.656,-0.185,-0.659,-0.412
1982-02-15,-0.604,-0.165,-0.410,-0.182
1982-02-16,-0.723,-0.229,-0.326,-0.158
1982-02-17,-0.683,-0.267,-0.255,-0.155
1982-02-18,-0.889,-0.152,-0.153,-0.061
1982-02-19,-0.926,-0.039,-0.167,-0.013
1982-02-20,-0.804,-0.132,-0.246,0.082
1982-02-21,-0.799,-0.210,-0.290,0.193
1982-02-22,-0.885,-0.252,-0.314,0.219
1982-02-23,-0.895,-0.328,-0.278,0.231
1982-02-24,-0.963,-0.370,-0.317,0.210
1982-02-25,-0.906,-0.337,-0.386,0.165
1982-02-26,-0.925,-0.252,-0.322,0.102
1982-02-27,-0.977,-0.232,-0.300,0.070
1982-02-28,-0.757,-0.270,-0.333,-0.061
1982-03-01,-0.526,-0.274,-0.397,-0.081
1982-03-02,-0.564,-0.259,-0.449,-0.104
1982-03-03,-0.918,-0.057,-0.176,-0.039
1982-03-04,-1.337,0.053,0.048,0.110
1982-03-05,-1.340,0.082,0.075,0.133
1982-03-06,-1.213,0.125,-0.042,0.010
1982-03-07,-0.862,-0.055,-0.280,-0.051
1982-03-08,-0.873,-0.322,-0.359,0.006
1982-03-09,-1.168,-0.461,-0.361,0.032
1982-03-10,-1.617,-0.419,-0.375,0.027
1982-03-11,-1.548,-0.412,-0.424,-0.041
1982-03-12,-1.468,-0.466,-0.390,-0.071
1982-03-13,-1.518,-0.533,-0.310,-0.074
1982-03-14,-1.464,-0.512,-0.291,-0.097
1982-03-15,-1.284,-0.410,-0.241,-0.095
1982-03-16,-1.124,-0.245,-0.245,-0.194
1982-03-17,-1.176,-0.076,-0.173,-0.145
1982-03-18,-1.189,-0.086,-0.120,0.011
1982-03-19,-1.191,-0.146,-0.062,0.039
1982-03-20,-1.211,-0.090,0.082,0.017
1982-03-21,-1.368,-0.027,0.176,0.112
1982-03-22,-1.475,-0.042,0.206,0.294
1982-03-23,-1.360,-0.093,0.208,0.307
1982-03-24,-0.991,-0.089,0.236,0.245
1982-03-25,-0.876,0.044,0.272,0.220
1982-03-26,-0.984,0.059,0.210,0.218
1982-03-27,-1.083,-0.009,0.092,0.230
1982-03-28,-1.250,-0.074,-0.049,0.185
1982-03-29,-1.212,-0.106,-0.206,0.057
1982-03-30,-1.289,-0.143,-0.336,-0.023
1982-03-31,-1.385,-0.097,-0.313,-0.012
1982-04-01,-1.495,0.077,-0.123,0.064
1982-04-02,-1.631,0.156,-0.012,0.183
1982-04-03,-1.520,0.213,-0.008,0.163
1982-04-04,-1.336,0.106,-0.037,0.164
1982-04-05,-1.088,0.084,-0.006,0.220
1982-04-06,-1.015,0.234,0.227,0.343
1982-04-07,-0.972,0.375,0.377,0.296
1982-04-08,-0.908,0.338,0.371,0.237
1982-04-09,-0.836,0.440,0.404,0.263
1982-04-10,-0.706,0.373,0.309,0.159
1982-04-11,-0.742,0.205,0.098,0.060
1982-04-12,-0.812,0.056,-0.086,0.004
1982-04-13,-0.950,-0.053,-0.162,-0.002
1982-04-14,-1.160,-0.084,-0.122,0.015
1982-04-15,-1.386,0.002,-0.049,-0.019
1982-04-16,-1.532,0.012,0.033,0.122
1982-04-17,-1.249,-0.004,0.072,0.163
1982-04-18,-1.027,0.004,0.095,0.216
1982-04-19,-0.898,0.066,0.213,0.322
1982-04-20,-0.943,0.134,0.259,0.300
1982-04-21,-1.022,0.215,0.260,0.237
1982-04-22,-1.030,0.223,0.273,0.296
1982-04-23,-1.036,0.182,0.294,0.385
1982-04-24,-1.160,0.157,0.420,0.447
1982-04-25,-1.195,0.036,0.535,0.558
1982-04-26,-0.846,0.078,0.495,0.502
1982-04-27,-0.643,0.129,0.250,0.265
1982-04-28,-0.747,0.098,0.033,0.163
1982-04-29,-0.798,0.182,0.033,0.082
1982-04-30,-0.774,0.326,0.151,0.051
1982-05-01,-0.506,0.362,0.177,0.162
1982-05-02,-0.394,0.342,0.164,0.248
1982-05-03,-0.409,0.276,0.191,0.357
1982-05-04,-0.485,0.184,0.244,0.665
1982-05-05,-0.559,0.287,0.343,0.689
1982-05-06,-0.653,0.451,0.499,0.616
1982-05-07,-0.749,0.532,0.596,0.539
1982-05-08,-0.592,0.522,0.537,0.539
1982-05-09,-0.478,0.472,0.406,0.574
1982-05-10,-0.527,0.397,0.243,0.489
1982-05-11,-0.620,0.200,0.064,0.303
1982-05-12,-0.671,0.144,0.035,0.209
1982-05-13,-0.580,0.330,0.106,0.323
1982-05-14,-0.477,0.521,0.289,0.323
1982-05-15,-0.488,0.622,0.491,0.455
1982-05-16,-0.601,0.663,0.676,0.713
1982-05-17,-0.644,0.774,0.876,0.839
1982-05-18,-0.585,0.820,0.922,0.755
1982-05-19,-0.407,0.927,0.871,0.664
1982-05-20,-0.263,0.963,0.892,0.654
1982-05-21,-0.211,0.927,0.938,0.698
1982-05-22,-0.187,0.915,1.036,0.764
1982-05-23,-0.289,0.910,1.152,0.861
1982-05-24,-0.374,0.868,1.062,0.807
1982-05-25,-0.308,0.846,0.899,0.708
1982-05-26,-0.211,0.860,0.865,0.625
1982-05-27,-0.095,0.871,0.844,0.533
1982-05-28,-0.045,0.879,0.829,0.507
1982-05-29,-0.056,0.868,0.811,0.494
1982-05-30,-0.059,0.845,0.798,0.484
1982-05-31,-0.023,0.823,0.792,0.482
1982-06-01,-0.125,0.877,0.880,0.582
1982-06-02,-0.013,0.869,0.990,0.654
1982-06-03,-0.112,0.888,1.142,0.773
1982-06-04,-0.409,0.800,1.131,0.856
1982-06-05,-0.269,0.795,1.016,0.936
1982-06-06,-0.228,0.782,0.985,1.040
1982-06-07,-0.232,0.767,0.992,1.032
1982-06-08,-0.240,0.674,0.873,0.909
1982-06-09,-0.328,0.651,0.702,0.773
1982-06-10,-0.272,0.734,0.619,0.729
1982-06-11,-0.053,0.873,0.703,0.731
1982-06-12,0.041,0.897,0.755,0.780
1982-06-13,0.028,0.832,0.803,0.860
1982-06-14,0.066,0.779,0.833,0.820
1982-06-15,0.094,0.717,0.680,0.749
1982-06-16,0.191,0.579,0.532,0.726
1982-06-17,0.194,0.542,0.497,0.868
1982-06-18,-0.084,0.548,0.475,0.780
1982-06-19,-0.165,0.560,0.467,0.706
1982-06-20,-0.087,0.652,0.674,0.670
1982-06-21,-0.252,0.680,0.960,0.891
1982-06-22,-0.304,0.653,0.987,0.937
1982-06-23,-0.243,0.686,0.929,0.849
1982-06-24,-0.250,0.692,0.901,0.835
1982-06-25,-0.295,0.752,0.970,0.803
1982-06-26,-0.329,0.711,0.892,0.680
1982-06-27,-0.429,0.610,0.897,0.711
1982-06-28,-0.304,0.324,0.887,1.002
1982-06-29,-0.051,0.290,0.954,1.135
1982-06-30,0.030,0.245,0.983,1.195
1982-07-01,0.116,0.164,0.958,1.181
1982-07-02,0.141,0.062,0.826,1.123
1982-07-03,0.325,-0.083,0.492,0.932
1982-07-04,0.615,-0.056,0.163,0.702
1982-07-05,0.749,0.061,0.002,0.563
1982-07-06,0.843,0.186,0.074,0.445
1982-07-07,0.882,0.269,0.189,0.361
1982-07-08,0.923,0.141,0.135,0.241
1982-07-09,0.790,0.097,0.075,0.182
1982-07-10,0.693,0.137,0.137,0.170
1982-07-11,0.644,0.206,0.122,0.116
1982-07-12,0.652,0.209,0.093,0.087
1982-07-13,0.664,0.274,0.106,0.023
1982-07-14,0.452,0.400,0.068,-0.091
1982-07-15,0.042,0.645,0.244,-0.105
1982-07-16,-0.049,0.796,0.443,-0.168
1982-07-17,-0.305,0.881,0.522,-0.194
1982-07-18,-0.352,0.857,0.517,-0.179
1982-07-19,-0.255,0.829,0.511,-0.099
1982-07-20,-0.102,0.824,0.600,-0.153
1982-07-21,-0.130,0.882,0.827,-0.050
1982-07-22,-0.177,0.819,0.918,0.051
1982-07-23,-0.115,0.790,0.931,0.089
1982-07-24,-0.050,0.685,0.831,0.026
1982-07-25,0.018,0.584,0.739,0.077
1982-07-26,0.065,0.637,0.667,0.046
1982-07-27,0.162,0.585,0.574,0.066
1982-07-28,0.226,0.489,0.436,0.083
1982-07-29,0.214,0.411,0.353,0.091
1982-07-30,0.130,0.307,0.303,0.144
1982-07-31,0.201,0.322,0.315,0.122
1982-08-01,0.452,0.359,0.466,0.029
1982-08-02,0.752,0.569,0.713,0.006
1982-08-03,0.658,0.810,0.907,0.033
1982-08-04,0.531,0.853,0.948,0.037
1982-08-05,0.514,0.876,0.878,0.022
1982-08-06,0.539,0.901,0.780,-0.033
1982-08-07,0.708,0.835,0.688,-0.067
1982-08-08,0.679,0.762,0.684,-0.008
1982-08-09,0.772,0.728,0.813,0.194
1982-08-10,0.961,0.760,0.881,0.231
1982-08-11,1.210,0.813,1.047,0.496
1982-08-12,1.274,0.941,1.205,0.496
1982-08-13,1.204,1.049,1.328,0.447
1982-08-14,1.120,1.152,1.491,0.365
1982-08-15,1.059,1.159,1.418,0.225
1982-08-16,1.068,1.151,1.485,0.370
1982-08-17,1.147,1.015,1.414,0.475
1982-08-18,1.056,0.853,1.149,0.487
1982-08-19,0.991,0.820,1.049,0.487
1982-08-20,1.015,0.966,1.181,0.615
1982-08-21,0.941,1.006,1.187,0.648
1982-08-22,0.957,1.030,1.107,0.529
1982-08-23,0.943,1.049,0.886,0.329
1982-08-24,0.973,1.057,0.765,0.137
1982-08-25,0.835,1.084,0.708,0.026
1982-08-26,0.806,1.062,0.693,0.061
1982-08-27,0.809,1.051,0.828,0.160
1982-08-28,0.852,1.017,0.939,0.180
1982-08-29,0.760,1.034,0.969,0.109
1982-08-30,0.637,1.043,0.972,0.074
1982-08-31,0.800,1.033,0.788,-0.048
1982-09-01,0.923,0.995,0.566,-0.153
1982-09-02,0.932,0.887,0.469,-0.070
1982-09-03,1.033,0.789,0.368,0.001
1982-09-04,1.380,0.798,0.356,-0.011
1982-09-05,1.646,0.973,0.533,-0.014
1982-09-06,1.615,1.186,0.738,0.039
1982-09-07,1.452,1.346,1.039,0.331
1982-09-08,1.447,1.471,1.196,0.567
1982-09-09,1.391,1.531,1.228,0.683
1982-09-10,1.567,1.519,1.251,0.723
1982-09-11,1.595,1.462,1.241,0.806
1982-09-12,1.503,1.351,1.119,0.789
1982-09-13,1.460,1.299,1.075,0.761
1982-09-14,1.473,1.333,1.064,0.598
1982-09-15,1.402,1.516,1.245,0.595
1982-09-16,1.329,1.619,1.430,0.646
1982-09-17,1.154,1.733,1.693,0.740
1982-09-18,1.168,1.834,1.870,0.828
1982-09-19,1.228,1.770,1.944,0.918
1982-09-20,1.320,1.714,1.805,0.769
1982-09-21,1.274,1.759,1.664,0.614
1982-09-22,1.299,1.811,1.592,0.528
1982-09-23,1.305,1.905,1.634,0.501
1982-09-24,1.346,1.927,1.644,0.472
1982-09-25,1.450,1.884,1.620,0.463
1982-09-26,1.560,2.156,1.874,0.376
1982-09-27,1.560,2.254,1.829,0.341
1982-09-28,1.508,2.241,1.799,0.344
1982-09-29,1.593,2.314,2.071,0.522
1982-09-30,1.617,2.326,2.117,0.548
1982-10-01,1.601,2.380,2.108,0.443
1982-10-02,1.612,2.340,1.978,0.324
1982-10-03,1.514,2.359,1.974,0.316
1982-10-04,1.400,2.400,2.045,0.432
1982-10-05,1.422,2.332,2.109,0.635
1982-10-06,1.325,2.240,2.114,0.774
1982-10-07,1.466,2.263,2.061,0.758
1982-10-08,1.597,2.252,2.091,0.851
1982-10-09,1.568,2.216,2.068,0.774
1982-10-10,1.530,2.099,1.966,0.603
1982-10-11,1.470,2.008,1.910,0.595
1982-10-12,1.572,1.776,1.800,0.663
1982-10-13,1.731,1.728,1.810,0.675
1982-10-14,1.708,1.779,1.855,0.741
1982-10-15,1.732,1.832,1.881,0.882
1982-10-16,1.954,2.034,2.108,1.094
1982-10-17,1.968,2.135,2.104,1.152
1982-10-18,1.882,2.309,2.133,1.128
1982-10-19,1.742,2.367,2.108,0.968
1982-10-20,1.745,2.307,1.918,0.740
1982-10-21,1.908,2.169,1.812,0.665
1982-10-22,2.141,2.131,1.795,0.705
1982-10-23,2.206,2.134,1.810,0.684
1982-10-24,2.108,2.109,1.764,0.645
1982-10-25,2.103,2.054,1.745,0.668
1982-10-26,2.158,2.004,1.742,0.780
1982-10-27,2.156,2.015,1.753,0.802
1982-10-28,2.051,2.089,1.752,0.835
1982-10-29,2.114,2.062,1.696,0.784
1982-10-30,2.146,2.064,1.735,0.659
1982-10-31,2.318,2.000,1.686,0.478
1982-11-01,2.539,1.964,1.625,0.305
1982-11-02,2.619,2.048,1.738,0.338
1982-11-03,2.756,2.131,1.735,0.268
1982-11-04,2.736,2.191,1.748,0.223
1982-11-05,2.533,2.207,1.796,0.346
1982-11-06,2.556,2.190,1.826,0.423
1982-11-07,2.644,2.183,1.875,0.477
1982-11-08,2.685,2.218,2.000,0.475
1982-11-09,2.590,2.340,2.190,0.463
1982-11-10,2.696,2.364,2.108,0.450
1982-11-11,2.873,2.423,2.051,0.505
1982-11-12,2.983,2.403,2.041,0.536
1982-11-13,2.911,2.320,1.991,0.498
1982-11-14,2.821,2.273,1.985,0.499
1982-11-15,2.842,2.335,1.990,0.499
1982-11-16,2.885,2.363,1.944,0.423
1982-11-17,2.923,2.292,1.872,0.381
1982-11-18,2.951,2.244,1.706,0.427
1982-11-19,2.936,2.360,1.668,0.443
1982-11-20,2.945,2.431,1.863,0.581
1982-11-21,2.843,2.621,2.083,0.556
1982-11-22,2.740,2.801,2.284,0.611
1982-11-23,2.833,2.919,2.434,0.609
1982-11-24,2.949,2.929,2.420,0.564
1982-11-25,3.023,2.922,2.473,0.558
1982-11-26,3.379,2.937,2.414,0.483
1982-11-27,3.299,2.607,2.045,0.615
1982-11-28,3.084,2.519,1.958,0.693
1982-11-29,2.944,2.439,1.876,0.731
1982-11-30,2.840,2.539,1.895,0.589
1982-12-01,3.147,2.626,1.928,0.568
1982-12-02,3.298,2.696,2.079,0.650
1982-12-03,3.226,2.540,2.013,0.628
1982-12-04,3.079,2.511,1.971,0.612
1982-12-05,3.130,2.511,1.936,0.487
1982-12-06,3.058,2.607,2.082,0.508
1982-12-07,2.860,2.643,2.106,0.486
1982-12-08,2.728,2.726,2.183,0.530
1982-12-09,2.933,2.878,2.231,0.494
1982-12-10,3.143,2.787,2.205,0.561
1982-12-11,3.283,2.733,2.189,0.618
1982-12-12,3.268,2.784,2.144,0.492
1982-12-13,3.166,2.967,2.270,0.423
1982-12-14,2.814,2.885,2.220,0.442
1982-12-15,2.644,2.908,2.280,0.531
1982-12-16,2.477,2.987,2.466,0.595
1982-12-17,2.525,3.050,2.548,0.615
1982-12-18,2.630,3.070,2.600,0.587
1982-12-19,2.813,3.071,2.644,0.557
1982-12-20,2.907,3.130,2.631,0.472
1982-12-21,3.019,3.127,2.675,0.528
1982-12-22,3.271,3.152,2.609,0.524
1982-12-23,3.281,3.148,2.555,0.530
1982-12-24,3.395,3.105,2.580,0.552
1982-12-25,3.340,3.018,2.610,0.626
1982-12-26,3.055,3.097,2.765,0.613
1982-12-27,2.535,3.177,2.746,0.597
1982-12-28,2.446,3.336,2.696,0.640
1982-12-29,2.627,3.313,2.672,0.620
1982-12-30,2.577,3.187,2.614,0.538
1982-12-31,2.590,3.070,2.555,0.474
1983-01-01,2.593,2.880,2.307,0.377
1983-01-02,2.852,2.853,2.311,0.434
1983-01-03,2.933,2.851,2.265,0.400
1983-01-04,2.841,2.823,2.155,0.381
1983-01-05,2.856,2.811,2.104,0.402
1983-01-06,2.696,2.904,2.235,0.455
1983-01-07,2.379,2.897,2.272,0.526
1983-01-08,2.261,2.796,2.337,0.654
1983-01-09,2.127,2.757,2.404,0.727
1983-01-10,2.055,2.717,2.416,0.744
1983-01-11,2.021,2.648,2.269,0.624
1983-01-12,2.438,2.637,2.124,0.523
1983-01-13,2.492,2.660,2.163,0.544
1983-01-14,2.477,2.662,2.231,0.598
1983-01-15,2.343,2.631,2.147,0.674
1983-01-16,2.385,2.638,2.045,0.663
1983-01-17,2.514,2.673,2.062,0.601
1983-01-18,2.544,2.643,2.066,0.513
1983-01-19,2.442,2.661,2.075,0.464
1983-01-20,2.368,2.735,2.091,0.408
1983-01-21,2.396,2.773,2.094,0.301
1983-01-22,2.308,2.735,2.034,0.248
1983-01-23,2.298,2.742,2.061,0.236
1983-01-24,2.302,2.776,2.122,0.251
1983-01-25,2.210,2.807,2.128,0.378
1983-01-26,2.170,2.796,2.214,0.580
1983-01-27,2.434,2.819,2.195,0.672
1983-01-28,2.378,2.884,2.286,0.665
1983-01-29,2.406,2.668,2.202,0.639
1983-01-30,2.551,2.498,2.064,0.621
1983-01-31,2.601,2.429,1.963,0.529
1983-02-01,2.372,2.293,1.849,0.399
1983-02-02,2.219,2.167,1.802,0.221
1983-02-03,2.233,2.239,1.937,0.259
1983-02-04,2.146,2.496,2.234,0.258
1983-02-05,2.064,2.655,2.437,0.217
1983-02-06,2.189,2.690,2.321,0.125
1983-02-07,2.282,2.642,2.234,0.138
1983-02-08,2.327,2.549,2.159,0.164
1983-02-09,2.279,2.403,2.102,0.395
1983-02-10,2.309,2.191,1.975,0.515
1983-02-11,2.233,2.070,1.837,0.640
1983-02-12,2.308,1.923,1.698,0.682
1983-02-13,2.360,1.903,1.634,0.625
1983-02-14,2.147,1.955,1.676,0.553
1983-02-15,1.866,2.086,1.818,0.517
1983-02-16,1.602,2.042,1.760,0.542
1983-02-17,1.368,1.955,1.755,0.678
1983-02-18,1.319,1.797,1.670,0.672
1983-02-19,1.215,1.655,1.604,0.618
1983-02-20,1.185,1.582,1.549,0.638
1983-02-21,1.063,1.635,1.579,0.729
1983-02-22,0.989,1.671,1.562,0.769
1983-02-23,1.288,1.671,1.553,0.826
1983-02-24,1.325,1.646,1.547,0.798
1983-02-25,1.411,1.694,1.553,0.705
1983-02-26,1.608,1.847,1.640,0.633
1983-02-27,1.783,1.996,1.882,0.642
1983-02-28,1.696,2.026,1.868,0.526
1983-03-01,1.580,1.972,1.899,0.522
1983-03-02,1.644,1.789,1.835,0.521
1983-03-03,1.820,1.711,1.735,0.524
1983-03-04,1.839,1.599,1.689,0.539
1983-03-05,2.027,1.553,1.594,0.538
1983-03-06,2.247,1.525,1.545,0.499
1983-03-07,2.317,1.560,1.579,0.445
1983-03-08,2.252,1.557,1.512,0.398
1983-03-09,2.177,1.476,1.446,0.502
1983-03-10,2.158,1.423,1.439,0.637
1983-03-11,2.040,1.476,1.557,0.777
1983-03-12,2.295,1.459,1.525,0.799
1983-03-13,2.314,1.472,1.466,0.770
1983-03-14,2.162,1.517,1.501,0.720
1983-03-15,2.220,1.607,1.487,0.580
1983-03-16,2.238,1.557,1.346,0.429
1983-03-17,2.085,1.496,1.262,0.366
1983-03-18,1.786,1.496,1.216,0.474
1983-03-19,1.725,1.490,1.270,0.614
1983-03-20,2.318,1.475,1.275,0.633
1983-03-21,2.389,1.405,1.192,0.674
1983-03-22,2.413,1.316,1.098,0.708
1983-03-23,2.385,1.300,1.003,0.622
1983-03-24,2.397,1.298,1.004,0.588
1983-03-25,2.411,1.394,1.024,0.496
1983-03-26,2.524,1.316,1.021,0.383
1983-03-27,2.258,1.302,0.971,0.323
1983-03-28,2.244,1.270,0.935,0.270
1983-03-29,2.243,1.173,0.834,0.163
1983-03-30,2.471,1.026,0.759,0.186
1983-03-31,2.356,1.003,0.748,0.246
1983-04-01,2.083,1.039,0.797,0.321
1983-04-02,2.171,1.129,0.830,0.254
1983-04-03,2.288,1.222,0.887,0.198
1983-04-04,2.346,1.310,0.872,0.181
1983-04-05,2.289,1.323,0.840,0.195
1983-04-06,2.388,1.378,0.804,0.144
1983-04-07,2.492,1.345,0.823,0.135
1983-04-08,2.481,1.311,0.832,0.177
1983-04-09,2.517,1.366,0.873,0.090
1983-04-10,2.420,1.396,0.826,0.033
1983-04-11,2.497,1.507,0.791,-0.009
1983-04-12,2.735,1.642,0.874,0.042
1983-04-13,2.970,1.718,0.937,-0.002
1983-04-14,3.053,1.757,1.015,-0.032
1983-04-15,3.060,1.735,1.053,-0.049
1983-04-16,2.843,1.695,1.022,-0.066
1983-04-17,2.975,1.631,1.014,0.029
1983-04-18,3.163,1.627,1.051,0.221
1983-04-19,2.939,1.535,1.002,0.214
1983-04-20,2.881,1.528,0.908,0.242
1983-04-21,3.051,1.493,0.795,0.221
1983-04-22,3.093,1.444,0.718,0.113
1983-04-23,3.120,1.382,0.702,0.062
1983-04-24,3.220,1.442,0.807,0.083
1983-04-25,3.273,1.501,0.862,0.114
1983-04-26,3.143,1.490,0.931,0.162
1983-04-27,3.177,1.509,0.917,0.141
1983-04-28,3.168,1.467,0.891,0.098
1983-04-29,3.054,1.471,0.877,0.106
1983-04-30,3.039,1.394,0.768,0.062
1983-05-01,3.077,1.397,0.746,0.053
1983-05-02,3.048,1.387,0.746,0.052
1983-05-03,3.011,1.439,0.789,0.083
1983-05-04,3.193,1.576,0.835,0.215
1983-05-05,3.202,1.754,0.888,0.292
1983-05-06,3.329,1.933,0.983,0.410
1983-05-07,3.564,2.038,1.063,0.439
1983-05-08,3.572,1.902,1.047,0.495
1983-05-09,3.317,1.834,1.039,0.566
1983-05-10,3.109,1.699,1.062,0.645
1983-05-11,3.087,1.540,0.945,0.580
1983-05-12,3.054,1.386,0.739,0.485
1983-05-13,3.021,1.294,0.673,0.466
1983-05-14,2.990,1.317,0.705,0.545
1983-05-15,3.121,1.450,0.756,0.617
1983-05-16,3.039,1.557,0.798,0.565
1983-05-17,3.099,1.609,0.876,0.440
1983-05-18,3.586,1.567,0.822,0.390
1983-05-19,3.884,1.587,0.771,0.316
1983-05-20,4.073,1.667,0.774,0.280
1983-05-21,4.191,1.666,0.829,0.287
1983-05-22,4.145,1.584,0.771,0.238
1983-05-23,4.261,1.648,0.704,0.198
1983-05-24,4.216,1.566,0.586,0.292
1983-05-25,4.518,1.510,0.511,0.259
1983-05-26,4.685,1.515,0.541,0.304
1983-05-27,4.667,1.669,0.750,0.296
1983-05-28,4.686,1.683,0.948,0.367
1983-05-29,4.548,1.764,1.027,0.303
1983-05-30,4.510,1.788,1.015,0.294
1983-05-31,4.523,1.821,0.981,0.366
1983-06-01,4.499,1.996,1.239,0.415
1983-06-02,4.454,2.045,1.239,0.521
1983-06-03,4.304,1.969,1.132,0.614
1983-06-04,4.259,1.920,0.984,0.623
1983-06-05,4.177,1.858,0.866,0.504
1983-06-06,4.098,1.838,0.902,0.475
1983-06-07,4.157,1.798,0.880,0.514
1983-06-08,4.120,1.762,0.858,0.509
1983-06-09,3.909,1.747,0.879,0.409
1983-06-10,3.631,1.768,0.880,0.266
1983-06-11,3.741,1.786,0.897,0.180
1983-06-12,4.098,1.841,0.992,0.162
1983-06-13,4.185,1.942,1.015,0.142
1983-06-14,4.059,1.920,0.925,0.080
1983-06-15,3.993,1.902,0.813,-0.051
1983-06-16,4.104,1.923,0.780,-0.096
1983-06-17,4.444,1.753,0.597,-0.065
1983-06-18,4.338,1.551,0.408,-0.012
1983-06-19,4.139,1.504,0.368,0.024
1983-06-20,4.158,1.548,0.399,0.106
1983-06-21,4.269,1.487,0.341,0.196
1983-06-22,4.217,1.443,0.312,0.060
1983-06-23,4.253,1.383,0.205,-0.171
1983-06-24,4.538,1.437,0.149,-0.202
1983-06-25,4.628,1.422,0.125,-0.146
1983-06-26,4.686,1.412,0.032,-0.105
1983-06-27,4.587,1.361,-0.040,-0.118
1983-06-28,4.550,1.428,0.169,-0.013
1983-06-29,4.476,1.526,0.426,0.074
1983-06-30,4.511,1.478,0.511,0.089
1983-07-01,4.535,1.280,0.410,0.097
1983-07-02,4.394,1.012,0.125,0.011
1983-07-03,4.222,0.871,-0.153,-0.143
1983-07-04,4.142,0.860,-0.301,-0.199
1983-07-05,4.197,0.875,-0.308,-0.220
1983-07-06,4.369,0.963,-0.112,-0.037
1983-07-07,4.356,1.040,0.001,-0.065
1983-07-08,4.157,1.063,0.062,-0.088
1983-07-09,4.099,1.031,0.059,-0.071
1983-07-10,3.894,0.932,0.041,0.073
1983-07-11,3.896,0.881,0.020,0.080
1983-07-12,3.941,0.886,0.027,0.028
1983-07-13,4.202,0.884,0.004,-0.124
1983-07-14,4.180,0.763,-0.196,-0.172
1983-07-15,4.089,0.642,-0.324,-0.082
1983-07-16,3.990,0.524,-0.460,0.114
1983-07-17,3.916,0.576,-0.555,0.106
1983-07-18,3.878,0.636,-0.536,0.096
1983-07-19,3.695,0.685,-0.415,0.049
1983-07-20,3.435,0.806,-0.376,-0.091
1983-07-21,3.389,0.864,-0.298,-0.117
1983-07-22,3.590,0.792,-0.283,-0.080
1983-07-23,3.766,0.665,-0.367,-0.075
1983-07-24,3.790,0.565,-0.419,0.018
1983-07-25,3.793,0.575,-0.417,-0.019
1983-07-26,3.680,0.589,-0.399,-0.202
1983-07-27,3.567,0.668,-0.441,-0.395
1983-07-28,3.570,0.772,-0.429,-0.509
1983-07-29,3.531,0.785,-0.420,-0.440
1983-07-30,3.544,0.800,-0.406,-0.341
1983-07-31,3.633,0.765,-0.434,-0.320
1983-08-01,3.616,0.767,-0.405,-0.132
1983-08-02,3.542,0.719,-0.382,0.038
1983-08-03,3.332,0.625,-0.485,0.071
1983-08-04,3.190,0.606,-0.605,0.006
1983-08-05,3.164,0.606,-0.608,-0.051
1983-08-06,3.154,0.600,-0.604,-0.140
1983-08-07,3.132,0.540,-0.750,-0.301
1983-08-08,3.161,0.614,-0.720,-0.332
1983-08-09,3.102,0.634,-0.598,-0.199
1983-08-10,2.927,0.755,-0.415,-0.157
1983-08-11,2.857,0.795,-0.363,-0.212
1983-08-12,2.762,0.723,-0.308,-0.138
1983-08-13,2.711,0.699,-0.143,0.073
1983-08-14,2.642,0.678,-0.033,0.106
1983-08-15,2.607,0.642,-0.013,-0.034
1983-08-16,2.455,0.604,-0.061,-0.161
1983-08-17,2.445,0.558,-0.089,-0.256
1983-08-18,2.551,0.573,-0.188,-0.378
1983-08-19,2.583,0.603,-0.191,-0.404
1983-08-20,2.785,0.575,-0.203,-0.395
1983-08-21,2.775,0.620,-0.329,-0.391
1983-08-22,2.851,0.625,-0.334,-0.393
1983-08-23,2.763,0.651,-0.511,-0.483
1983-08-24,2.776,0.620,-0.585,-0.591
1983-08-25,2.740,0.612,-0.533,-0.620
1983-08-26,2.710,0.600,-0.489,-0.643
1983-08-27,2.697,0.595,-0.441,-0.644
1983-08-28,2.639,0.557,-0.532,-0.634
1983-08-29,2.530,0.508,-0.540,-0.512
1983-08-30,2.321,0.403,-0.629,-0.512
1983-08-31,1.822,0.310,-0.561,-0.506
1983-09-01,1.718,0.256,-0.431,-0.425
1983-09-02,1.582,0.266,-0.343,-0.310
1983-09-03,1.323,0.297,-0.226,-0.175
1983-09-04,1.298,0.365,-0.128,-0.068
1983-09-05,1.370,0.483,0.052,-0.171
1983-09-06,1.453,0.582,0.046,-0.400
1983-09-07,1.558,0.580,-0.049,-0.529
1983-09-08,1.893,0.609,-0.157,-0.587
1983-09-09,2.012,0.590,-0.287,-0.678
1983-09-10,2.117,0.464,-0.283,-0.635
1983-09-11,2.110,0.330,-0.267,-0.443
1983-09-12,2.141,0.318,-0.174,-0.173
1983-09-13,2.197,0.381,-0.080,-0.010
1983-09-14,2.075,0.345,-0.057,0.026
1983-09-15,1.925,0.250,-0.124,-0.028
1983-09-16,1.862,0.252,-0.259,-0.156
1983-09-17,1.652,0.246,-0.383,-0.311
1983-09-18,1.400,0.228,-0.472,-0.429
1983-09-19,1.349,0.181,-0.530,-0.506
1983-09-20,1.317,0.134,-0.556,-0.547
1983-09-21,1.313,0.112,-0.549,-0.551
1983-09-22,1.286,0.104,-0.543,-0.543
1983-09-23,1.244,0.114,-0.530,-0.532
1983-09-24,1.242,0.129,-0.513,-0.519
1983-09-25,1.241,0.130,-0.503,-0.512
1983-09-26,1.371,-0.258,-0.767,-0.601
1983-09-27,1.355,-0.220,-0.749,-0.658
1983-09-28,1.267,-0.235,-0.867,-0.925
1983-09-29,1.183,-0.292,-0.911,-0.990
1983-09-30,1.101,-0.249,-0.924,-1.111
1983-10-01,1.142,-0.237,-0.943,-1.303
1983-10-02,1.224,-0.328,-1.014,-1.346
1983-10-03,1.455,-0.492,-1.131,-1.269
1983-10-04,1.509,-0.585,-1.122,-1.134
1983-10-05,1.653,-0.607,-1.090,-0.888
1983-10-06,1.701,-0.639,-1.094,-0.760
1983-10-07,1.631,-0.567,-0.994,-0.774
1983-10-08,1.696,-0.472,-0.920,-0.791
1983-10-09,1.748,-0.360,-0.898,-0.933
1983-10-10,1.645,-0.261,-0.806,-0.946
1983-10-11,1.451,-0.145,-0.772,-0.871
1983-10-12,1.462,-0.190,-0.819,-0.739
1983-10-13,1.299,-0.184,-0.798,-0.594
1983-10-14,1.153,-0.123,-0.728,-0.593
1983-10-15,1.094,-0.108,-0.738,-0.628
1983-10-16,1.032,-0.066,-0.693,-0.721
1983-10-17,0.916,-0.015,-0.662,-0.808
1983-10-18,0.810,-0.026,-0.692,-1.023
1983-10-19,0.586,-0.104,-0.767,-1.110
1983-10-20,0.530,-0.177,-0.831,-1.213
1983-10-21,0.723,-0.279,-0.885,-1.198
1983-10-22,0.733,-0.440,-0.928,-1.130
1983-10-23,0.517,-0.540,-0.946,-0.921
1983-10-24,0.463,-0.627,-0.962,-0.783
1983-10-25,0.615,-0.726,-1.043,-0.679
1983-10-26,0.616,-1.114,-1.410,-0.466
1983-10-27,0.685,-1.283,-1.453,-0.246
1983-10-28,0.546,-1.320,-1.383,-0.189
1983-10-29,0.497,-1.311,-1.314,-0.294
1983-10-30,0.696,-1.217,-1.349,-0.426
1983-10-31,0.866,-1.073,-1.307,-0.444
1983-11-01,0.858,-0.932,-1.215,-0.586
1983-11-02,0.804,-0.848,-1.134,-0.632
1983-11-03,0.862,-0.790,-1.099,-0.532
1983-11-04,0.762,-0.686,-0.961,-0.477
1983-11-05,0.746,-0.748,-0.780,-0.359
1983-11-06,0.554,-0.800,-0.741,-0.256
1983-11-07,0.409,-0.765,-0.711,-0.268
1983-11-08,0.261,-0.712,-0.791,-0.535
1983-11-09,0.208,-0.802,-0.926,-0.770
1983-11-10,0.274,-0.900,-0.897,-0.787
1983-11-11,0.352,-0.868,-0.823,-0.887
1983-11-12,0.349,-0.897,-0.925,-0.981
1983-11-13,0.362,-0.809,-1.025,-0.889
1983-11-14,0.388,-0.897,-1.112,-0.934
1983-11-15,0.387,-1.035,-1.203,-0.963
1983-11-16,0.419,-1.314,-1.547,-0.960
1983-11-17,0.440,-1.475,-1.758,-0.823
1983-11-18,0.294,-1.548,-1.711,-0.768
1983-11-19,0.127,-1.471,-1.562,-0.890
1983-11-20,-0.049,-1.381,-1.431,-0.981
1983-11-21,-0.145,-1.282,-1.371,-1.052
1983-11-22,-0.099,-1.347,-1.476,-0.961
1983-11-23,0.159,-1.421,-1.536,-0.835
1983-11-24,0.289,-1.319,-1.473,-0.721
1983-11-25,0.115,-1.179,-1.397,-0.681
1983-11-26,0.038,-1.005,-1.322,-0.652
1983-11-27,0.179,-0.850,-1.079,-0.632
1983-11-28,0.185,-0.716,-0.935,-0.834
1983-11-29,0.129,-0.547,-0.884,-0.932
1983-11-30,0.002,-0.468,-0.833,-0.894
1983-12-01,0.020,-0.546,-0.830,-0.781
1983-12-02,-0.027,-0.627,-0.695,-0.551
1983-12-03,-0.027,-0.542,-0.565,-0.498
1983-12-04,0.061,-0.489,-0.549,-0.528
1983-12-05,0.152,-0.497,-0.541,-0.533
1983-12-06,0.021,-0.559,-0.610,-0.580
1983-12-07,-0.085,-0.624,-0.691,-0.643
1983-12-08,-0.176,-0.775,-0.752,-0.574
1983-12-09,-0.289,-0.948,-0.880,-0.591
1983-12-10,-0.358,-1.055,-0.870,-0.605
1983-12-11,-0.213,-1.125,-0.860,-0.689
1983-12-12,-0.080,-1.099,-0.907,-0.750
1983-12-13,0.210,-0.929,-1.068,-0.922
1983-12-14,0.216,-0.837,-1.089,-1.032
1983-12-15,0.184,-0.763,-1.125,-1.122
1983-12-16,0.237,-0.794,-1.199,-1.162
1983-12-17,0.243,-0.806,-1.263,-1.175
1983-12-18,0.158,-0.771,-1.253,-1.233
1983-12-19,0.162,-0.830,-1.288,-1.294
1983-12-20,0.284,-0.947,-1.324,-1.274
1983-12-21,0.445,-1.107,-1.427,-1.123
1983-12-22,0.404,-1.267,-1.514,-0.965
1983-12-23,0.339,-1.273,-1.535,-0.856
1983-12-24,0.208,-1.362,-1.639,-0.775
1983-12-25,0.083,-1.446,-1.815,-0.826
1983-12-26,-0.018,-1.422,-1.910,-0.876
1983-12-27,0.069,-1.322,-1.834,-0.859
1983-12-28,0.195,-1.118,-1.569,-0.921
1983-12-29,0.179,-0.918,-1.389,-1.002
1983-12-30,0.233,-0.824,-1.281,-0.983
1983-12-31,0.202,-0.801,-1.207,-0.916
1996-01-01,-0.437,-0.760,-0.888,-0.349
1996-01-02,-0.286,-0.752,-1.031,-0.514
1996-01-03,-0.137,-0.723,-1.094,-0.554
1996-01-04,-0.241,-0.782,-1.042,-0.363
1996-01-05,-0.559,-0.849,-1.082,-0.325
1996-01-06,-0.802,-0.861,-1.148,-0.359
1996-01-07,-0.800,-0.771,-1.026,-0.375
1996-01-08,-0.781,-0.775,-1.011,-0.507
1996-01-09,-0.585,-0.783,-1.078,-0.559
1996-01-10,-0.596,-0.840,-1.109,-0.373
1996-01-11,-0.696,-0.792,-0.997,-0.393
1996-01-12,-0.756,-0.716,-0.912,-0.456
1996-01-13,-0.669,-0.671,-0.947,-0.547
1996-01-14,-0.301,-0.660,-1.002,-0.586
1996-01-15,-0.234,-0.669,-0.906,-0.644
1996-01-16,-0.362,-0.626,-0.787,-0.618
1996-01-17,-0.683,-0.478,-0.640,-0.513
1996-01-18,-0.849,-0.383,-0.612,-0.467
1996-01-19,-0.802,-0.399,-0.577,-0.496
1996-01-20,-0.814,-0.462,-0.508,-0.421
1996-01-21,-0.786,-0.612,-0.572,-0.383
1996-01-22,-0.917,-0.713,-0.696,-0.372
1996-01-23,-0.973,-0.716,-0.725,-0.391
1996-01-24,-1.148,-0.705,-0.728,-0.454
1996-01-25,-1.196,-0.789,-0.753,-0.446
1996-01-26,-1.149,-0.922,-0.805,-0.418
1996-01-27,-1.094,-1.094,-0.853,-0.267
1996-01-28,-0.802,-1.112,-0.898,-0.256
1996-01-29,-0.650,-1.080,-0.948,-0.312
1996-01-30,-0.575,-1.008,-1.002,-0.437
1996-01-31,-0.467,-0.903,-1.011,-0.462
1996-02-01,-0.295,-0.819,-0.999,-0.442
1996-02-02,-0.403,-0.849,-1.059,-0.550
1996-02-03,-0.392,-0.943,-1.173,-0.672
1996-02-04,-0.373,-0.948,-1.224,-0.701
1996-02-05,-0.430,-1.020,-1.326,-0.715
1996-02-06,-0.240,-1.150,-1.407,-0.738
1996-02-07,-0.021,-1.114,-1.312,-0.684
1996-02-08,0.025,-0.984,-1.205,-0.661
1996-02-09,0.067,-0.822,-1.032,-0.639
1996-02-10,0.107,-0.729,-0.898,-0.610
1996-02-11,-0.073,-0.747,-0.832,-0.565
1996-02-12,-0.450,-0.685,-0.819,-0.573
1996-02-13,-0.670,-0.636,-0.748,-0.530
1996-02-14,-0.659,-0.648,-0.679,-0.484
1996-02-15,-0.580,-0.689,-0.676,-0.467
1996-02-16,-0.522,-0.752,-0.751,-0.483
1996-02-17,-0.487,-0.778,-0.803,-0.535
1996-02-18,-0.468,-0.686,-0.775,-0.596
1996-02-19,-0.455,-0.579,-0.741,-0.567
1996-02-20,-0.275,-0.481,-0.657,-0.547
1996-02-21,-0.190,-0.505,-0.641,-0.679
1996-02-22,-0.270,-0.519,-0.702,-0.858
1996-02-23,-0.384,-0.558,-0.742,-0.895
1996-02-24,-0.413,-0.581,-0.761,-0.863
1996-02-25,-0.445,-0.521,-0.670,-0.865
1996-02-26,-0.382,-0.393,-0.528,-0.787
1996-02-27,-0.289,-0.367,-0.561,-0.661
1996-02-28,-0.217,-0.378,-0.560,-0.539
1996-02-29,-0.177,-0.403,-0.556,-0.485
1996-03-01,-0.086,-0.373,-0.540,-0.539
1996-03-02,-0.118,-0.325,-0.564,-0.582
1996-03-03,0.014,-0.400,-0.568,-0.590
1996-03-04,0.134,-0.474,-0.635,-0.623
1996-03-05,0.020,-0.508,-0.807,-0.778
1996-03-06,-0.080,-0.446,-0.803,-0.784
1996-03-07,-0.005,-0.378,-0.707,-0.677
1996-03-08,0.070,-0.254,-0.662,-0.595
1996-03-09,0.090,-0.238,-0.700,-0.633
1996-03-10,0.129,-0.287,-0.757,-0.636
1996-03-11,0.039,-0.309,-0.770,-0.577
1996-03-12,-0.152,-0.149,-0.648,-0.644
1996-03-13,-0.429,-0.157,-0.634,-0.688
1996-03-14,-0.688,-0.231,-0.674,-0.597
1996-03-15,-0.158,-0.268,-0.687,-0.488
1996-03-16,-0.009,-0.326,-0.603,-0.420
1996-03-17,-0.041,-0.358,-0.510,-0.448
1996-03-18,0.014,-0.339,-0.449,-0.506
1996-03-19,0.049,-0.440,-0.517,-0.452
1996-03-20,0.006,-0.426,-0.608,-0.491
1996-03-21,-0.086,-0.369,-0.633,-0.504
1996-03-22,-0.127,-0.299,-0.581,-0.499
1996-03-23,-0.025,-0.345,-0.579,-0.454
1996-03-24,-0.022,-0.429,-0.586,-0.506
1996-03-25,-0.161,-0.522,-0.646,-0.521
1996-03-26,-0.299,-0.644,-0.723,-0.434
1996-03-27,-0.456,-0.596,-0.626,-0.409
1996-03-28,-0.584,-0.652,-0.685,-0.507
1996-03-29,-0.623,-0.749,-0.746,-0.662
1996-03-30,-0.762,-0.809,-0.788,-0.746
1996-03-31,-1.031,-0.917,-0.828,-0.720
1996-04-01,-1.218,-0.883,-0.606,-0.599
1996-04-02,-1.380,-0.823,-0.486,-0.542
1996-04-03,-1.294,-0.741,-0.436,-0.468
1996-04-04,-1.343,-0.678,-0.417,-0.374
1996-04-05,-1.382,-0.611,-0.290,-0.367
1996-04-06,-1.500,-0.483,-0.200,-0.517
1996-04-07,-1.754,-0.406,-0.147,-0.521
1996-04-08,-1.806,-0.448,-0.172,-0.422
1996-04-09,-1.592,-0.530,-0.227,-0.319
1996-04-10,-1.632,-0.594,-0.271,-0.267
1996-04-11,-1.617,-0.661,-0.345,-0.334
1996-04-12,-1.581,-0.727,-0.389,-0.368
1996-04-13,-1.599,-0.625,-0.378,-0.500
1996-04-14,-1.614,-0.691,-0.446,-0.518
1996-04-15,-1.507,-0.741,-0.436,-0.405
1996-04-16,-1.450,-0.778,-0.436,-0.365
1996-04-17,-1.617,-0.751,-0.446,-0.458
1996-04-18,-1.627,-0.771,-0.475,-0.559
1996-04-19,-1.515,-0.763,-0.449,-0.543
1996-04-20,-1.528,-0.748,-0.323,-0.470
1996-04-21,-1.581,-0.736,-0.269,-0.490
1996-04-22,-1.671,-0.756,-0.245,-0.408
1996-04-23,-1.642,-0.806,-0.300,-0.417
1996-04-24,-1.570,-0.874,-0.325,-0.437
1996-04-25,-1.604,-0.972,-0.433,-0.511
1996-04-26,-1.659,-1.113,-0.535,-0.518
1996-04-27,-1.669,-1.112,-0.398,-0.343
1996-04-28,-1.687,-0.995,-0.220,-0.313
1996-04-29,-1.722,-1.005,-0.220,-0.352
1996-04-30,-1.725,-1.035,-0.239,-0.395
1996-05-01,-1.634,-1.036,-0.346,-0.369
1996-05-02,-1.648,-1.002,-0.243,-0.220
1996-05-03,-1.559,-0.998,-0.207,-0.218
1996-05-04,-1.460,-0.939,-0.192,-0.251
1996-05-05,-1.407,-0.919,-0.235,-0.277
1996-05-06,-1.397,-0.914,-0.307,-0.363
1996-05-07,-1.360,-0.880,-0.345,-0.240
1996-05-08,-1.307,-0.816,-0.304,-0.135
1996-05-09,-1.286,-0.794,-0.308,-0.188
1996-05-10,-1.262,-0.852,-0.304,-0.225
1996-05-11,-1.290,-0.784,-0.288,-0.290
1996-05-12,-1.287,-0.721,-0.343,-0.479
1996-05-13,-1.151,-0.712,-0.441,-0.492
1996-05-14,-1.123,-0.635,-0.528,-0.530
1996-05-15,-1.072,-0.593,-0.507,-0.418
1996-05-16,-1.054,-0.602,-0.530,-0.383
1996-05-17,-0.996,-0.461,-0.412,-0.336
1996-05-18,-1.092,-0.458,-0.430,-0.315
1996-05-19,-1.102,-0.595,-0.544,-0.263
1996-05-20,-1.083,-0.718,-0.527,-0.149
1996-05-21,-1.068,-0.719,-0.506,-0.128
1996-05-22,-0.998,-0.681,-0.546,-0.197
1996-05-23,-1.000,-0.693,-0.562,-0.273
1996-05-24,-0.987,-0.690,-0.535,-0.246
1996-05-25,-0.749,-0.662,-0.523,-0.207
1996-05-26,-0.732,-0.637,-0.484,-0.090
1996-05-27,-0.779,-0.587,-0.429,-0.031
1996-05-28,-0.893,-0.558,-0.378,0.097
1996-05-29,-0.871,-0.545,-0.275,0.172
1996-05-30,-0.775,-0.632,-0.226,0.180
1996-05-31,-0.971,-0.646,-0.217,0.144
1996-06-01,-1.205,-0.673,-0.231,0.108
1996-06-02,-1.254,-0.696,-0.241,0.143
1996-06-03,-1.235,-0.684,-0.243,0.162
1996-06-04,-1.176,-0.689,-0.319,0.049
1996-06-05,-1.122,-0.670,-0.324,-0.032
1996-06-06,-1.075,-0.627,-0.427,-0.236
1996-06-07,-1.082,-0.605,-0.422,-0.266
1996-06-08,-1.101,-0.538,-0.303,-0.149
1996-06-09,-1.025,-0.527,-0.240,-0.074
1996-06-10,-1.013,-0.583,-0.276,-0.106
1996-06-11,-0.924,-0.566,-0.340,-0.189
1996-06-12,-0.863,-0.527,-0.295,-0.200
1996-06-13,-0.834,-0.485,-0.308,-0.243
1996-06-14,-0.899,-0.489,-0.399,-0.395
1996-06-15,-1.016,-0.610,-0.513,-0.496
1996-06-16,-1.035,-0.607,-0.501,-0.469
1996-06-17,-1.032,-0.640,-0.471,-0.447
1996-06-18,-1.209,-0.660,-0.419,-0.414
1996-06-19,-1.304,-0.653,-0.361,-0.443
1996-06-20,-1.407,-0.672,-0.330,-0.424
1996-06-21,-1.491,-0.687,-0.273,-0.322
1996-06-22,-1.525,-0.701,-0.300,-0.365
1996-06-23,-1.447,-0.690,-0.343,-0.308
1996-06-24,-1.460,-0.676,-0.313,-0.145
1996-06-25,-1.423,-0.587,-0.223,-0.086
1996-06-26,-1.462,-0.529,-0.171,-0.122
1996-06-27,-1.457,-0.490,-0.188,-0.123
1996-06-28,-1.502,-0.412,-0.100,0.044
1996-06-29,-1.560,-0.406,-0.037,0.084
1996-06-30,-1.596,-0.393,0.075,0.119
1996-07-01,-1.532,-0.333,-0.013,-0.021
1996-07-02,-1.427,-0.286,-0.036,-0.059
1996-07-03,-1.466,-0.269,-0.001,-0.051
1996-07-04,-1.474,-0.271,-0.017,-0.065
1996-07-05,-1.466,-0.326,-0.137,-0.091
1996-07-06,-1.416,-0.434,-0.184,-0.054
1996-07-07,-1.480,-0.568,-0.172,-0.067
1996-07-08,-1.469,-0.647,-0.229,-0.199
1996-07-09,-1.443,-0.676,-0.315,-0.282
1996-07-10,-1.348,-0.709,-0.271,-0.163
1996-07-11,-1.363,-0.737,-0.294,-0.090
1996-07-12,-1.467,-0.657,-0.317,-0.122
1996-07-13,-1.482,-0.589,-0.355,-0.224
1996-07-14,-1.465,-0.535,-0.382,-0.384
1996-07-15,-1.270,-0.491,-0.367,-0.410
1996-07-16,-1.260,-0.491,-0.360,-0.450
1996-07-17,-1.233,-0.512,-0.355,-0.417
1996-07-18,-1.214,-0.495,-0.373,-0.380
1996-07-19,-1.174,-0.468,-0.317,-0.436
1996-07-20,-1.136,-0.411,-0.181,-0.543
1996-07-21,-1.127,-0.404,-0.116,-0.446
1996-07-22,-1.126,-0.364,-0.043,-0.192
1996-07-23,-1.104,-0.365,0.021,-0.017
1996-07-24,-1.160,-0.395,0.016,0.019
1996-07-25,-1.277,-0.458,-0.066,-0.083
1996-07-26,-1.408,-0.520,-0.192,-0.138
1996-07-27,-1.482,-0.509,-0.235,-0.089
1996-07-28,-1.635,-0.507,-0.214,-0.128
1996-07-29,-1.522,-0.501,-0.206,-0.117
1996-07-30,-1.456,-0.521,-0.269,-0.188
1996-07-31,-1.513,-0.543,-0.403,-0.288
1996-08-01,-1.722,-0.602,-0.532,-0.394
1996-08-02,-1.625,-0.540,-0.536,-0.484
1996-08-03,-1.402,-0.511,-0.435,-0.506
1996-08-04,-1.420,-0.512,-0.433,-0.471
1996-08-05,-1.437,-0.475,-0.393,-0.337
1996-08-06,-1.411,-0.361,-0.244,-0.245
1996-08-07,-1.371,-0.292,-0.190,-0.159
1996-08-08,-1.290,-0.332,-0.235,-0.078
1996-08-09,-1.228,-0.404,-0.297,-0.067
1996-08-10,-1.292,-0.435,-0.347,-0.120
1996-08-11,-1.244,-0.446,-0.360,-0.006
1996-08-12,-1.263,-0.435,-0.290,0.096
1996-08-13,-1.216,-0.430,-0.218,0.092
1996-08-14,-1.033,-0.375,-0.198,0.031
1996-08-15,-0.841,-0.269,-0.129,0.017
1996-08-16,-0.757,-0.283,-0.119,0.066
1996-08-17,-0.751,-0.291,-0.101,0.070
1996-08-18,-0.722,-0.301,-0.072,0.040
1996-08-19,-0.660,-0.354,-0.099,0.038
1996-08-20,-0.622,-0.398,-0.145,0.015
1996-08-21,-0.646,-0.464,-0.242,0.015
1996-08-22,-0.733,-0.536,-0.242,0.091
1996-08-23,-0.778,-0.516,-0.179,0.114
1996-08-24,-0.928,-0.528,-0.221,0.144
1996-08-25,-1.073,-0.590,-0.239,0.084
1996-08-26,-1.146,-0.510,-0.156,0.032
1996-08-27,-1.258,-0.499,-0.051,0.072
1996-08-28,-1.338,-0.557,-0.051,0.090
1996-08-29,-1.419,-0.663,-0.077,0.029
1996-08-30,-1.489,-0.727,-0.066,0.054
1996-08-31,-1.504,-0.742,-0.050,0.165
1996-09-01,-1.352,-0.683,-0.027,0.108
1996-09-02,-1.263,-0.629,0.037,0.081
1996-09-03,-1.246,-0.491,0.090,0.066
1996-09-04,-1.195,-0.457,-0.022,-0.039
1996-09-05,-1.226,-0.496,-0.189,-0.105
1996-09-06,-1.223,-0.485,-0.323,-0.166
1996-09-07,-1.188,-0.472,-0.442,-0.271
1996-09-08,-0.881,-0.458,-0.444,-0.344
1996-09-09,-0.778,-0.453,-0.450,-0.370
1996-09-10,-0.763,-0.458,-0.426,-0.347
1996-09-11,-0.779,-0.507,-0.507,-0.444
1996-09-12,-0.855,-0.543,-0.394,-0.432
1996-09-13,-0.960,-0.657,-0.405,-0.452
1996-09-14,-0.817,-0.644,-0.352,-0.362
1996-09-15,-0.826,-0.541,-0.327,-0.160
1996-09-16,-0.922,-0.541,-0.287,0.114
1996-09-17,-1.045,-0.538,-0.186,0.235
1996-09-18,-1.119,-0.602,-0.176,0.151
1996-09-19,-1.028,-0.578,-0.171,0.038
1996-09-20,-0.889,-0.534,-0.202,0.032
1996-09-21,-0.848,-0.497,-0.255,-0.007
1996-09-22,-0.996,-0.513,-0.338,-0.065
1996-09-23,-1.109,-0.527,-0.445,-0.183
1996-09-24,-1.237,-0.520,-0.456,-0.224
1996-09-25,-1.163,-0.527,-0.431,-0.144
1996-09-26,-1.165,-0.497,-0.392,-0.087
1996-09-27,-1.063,-0.466,-0.414,-0.102
1996-09-28,-1.056,-0.416,-0.422,-0.129
1996-09-29,-1.011,-0.396,-0.412,-0.187
1996-09-30,-1.034,-0.438,-0.505,-0.303
1996-10-01,-1.061,-0.519,-0.591,-0.241
1996-10-02,-1.114,-0.647,-0.681,-0.163
1996-10-03,-1.239,-0.727,-0.724,-0.195
1996-10-04,-1.262,-0.746,-0.719,-0.192
1996-10-05,-1.284,-0.737,-0.698,-0.146
1996-10-06,-1.029,-0.683,-0.629,-0.117
1996-10-07,-0.929,-0.684,-0.519,0.122
1996-10-08,-0.829,-0.663,-0.471,0.191
1996-10-09,-0.865,-0.668,-0.466,0.213
1996-10-10,-0.957,-0.642,-0.434,0.144
1996-10-11,-0.949,-0.602,-0.471,0.064
1996-10-12,-0.801,-0.574,-0.524,-0.045
1996-10-13,-0.681,-0.557,-0.514,-0.236
1996-10-14,-0.499,-0.580,-0.516,-0.256
1996-10-15,-0.345,-0.608,-0.447,-0.114
1996-10-16,-0.200,-0.573,-0.329,-0.007
1996-10-17,-0.145,-0.515,-0.246,0.097
1996-10-18,-0.105,-0.545,-0.251,0.082
1996-10-19,-0.126,-0.608,-0.374,-0.050
1996-10-20,-0.157,-0.626,-0.524,-0.253
1996-10-21,-0.207,-0.633,-0.599,-0.324
1996-10-22,-0.181,-0.642,-0.590,-0.293
1996-10-23,-0.272,-0.670,-0.543,-0.179
1996-10-24,-0.503,-0.648,-0.437,-0.133
1996-10-25,-0.736,-0.566,-0.275,-0.137
1996-10-26,-0.869,-0.560,-0.260,-0.210
1996-10-27,-0.909,-0.634,-0.337,-0.289
1996-10-28,-0.904,-0.679,-0.410,-0.262
1996-10-29,-0.895,-0.688,-0.430,-0.262
1996-10-30,-0.972,-0.589,-0.385,-0.200
1996-10-31,-1.072,-0.517,-0.316,-0.118
1996-11-01,-1.139,-0.465,-0.241,-0.152
1996-11-02,-1.004,-0.427,-0.242,-0.227
1996-11-03,-1.165,-0.480,-0.377,-0.258
1996-11-04,-1.181,-0.575,-0.543,-0.327
1996-11-05,-1.152,-0.605,-0.539,-0.466
1996-11-06,-1.119,-0.596,-0.506,-0.631
1996-11-07,-1.105,-0.564,-0.456,-0.711
1996-11-08,-1.116,-0.592,-0.470,-0.744
1996-11-09,-1.141,-0.637,-0.462,-0.537
1996-11-10,-1.150,-0.635,-0.482,-0.280
1996-11-11,-1.181,-0.471,-0.207,-0.017
1996-11-12,-1.379,-0.296,0.045,0.201
1996-11-13,-1.402,-0.270,0.131,0.148
1996-11-14,-1.504,-0.288,0.069,0.083
1996-11-15,-1.586,-0.349,0.116,0.077
1996-11-16,-1.706,-0.431,0.017,0.116
1996-11-17,-1.776,-0.411,0.091,0.154
1996-11-18,-1.688,-0.417,0.158,0.142
1996-11-19,-1.704,-0.457,0.126,0.139
1996-11-20,-1.719,-0.466,-0.037,-0.061
1996-11-21,-1.504,-0.468,-0.194,-0.241
1996-11-22,-1.222,-0.512,-0.247,-0.265
1996-11-23,-1.103,-0.648,-0.304,-0.305
1996-11-24,-0.862,-0.732,-0.341,-0.234
1996-11-25,-0.881,-0.739,-0.420,-0.174
1996-11-26,-1.251,-0.685,-0.411,-0.147
1996-11-27,-1.479,-0.508,-0.168,-0.101
1996-11-28,-1.507,-0.521,-0.167,-0.037
1996-11-29,-1.244,-0.596,-0.216,0.045
1996-11-30,-1.358,-0.715,-0.267,0.195
1996-12-01,-1.572,-0.677,-0.113,0.336
1996-12-02,-1.644,-0.558,0.026,0.347
1996-12-03,-1.597,-0.596,0.024,0.398
1996-12-04,-1.475,-0.692,-0.091,0.382
1996-12-05,-1.434,-0.821,-0.266,0.340
1996-12-06,-1.351,-0.807,-0.328,0.230
1996-12-07,-1.296,-0.813,-0.340,0.174
1996-12-08,-1.111,-0.971,-0.410,0.181
1996-12-09,-0.974,-1.038,-0.445,0.178
1996-12-10,-0.964,-1.081,-0.536,0.072
1996-12-11,-0.847,-1.084,-0.571,0.028
1996-12-12,-0.747,-1.034,-0.642,-0.130
1996-12-13,-0.744,-1.015,-0.555,-0.114
1996-12-14,-1.197,-1.055,-0.490,-0.092
1996-12-15,-1.343,-1.077,-0.510,-0.075
1996-12-16,-1.295,-1.076,-0.562,-0.050
1996-12-17,-1.213,-1.028,-0.559,-0.037
1996-12-18,-1.118,-1.041,-0.591,-0.083
1996-12-19,-1.015,-1.095,-0.605,-0.040
1996-12-20,-1.003,-1.194,-0.713,-0.053
1996-12-21,-1.109,-1.282,-0.678,0.033
1996-12-22,-1.218,-1.345,-0.685,0.035
1996-12-23,-1.208,-1.346,-0.733,-0.111
1996-12-24,-1.302,-1.301,-0.737,-0.187
1996-12-25,-1.418,-1.271,-0.834,-0.341
1996-12-26,-1.363,-1.344,-0.922,-0.317
1996-12-27,-1.262,-1.383,-0.935,-0.320
1996-12-28,-1.330,-1.377,-0.813,-0.115
1996-12-29,-1.231,-1.304,-0.649,-0.017
1996-12-30,-1.116,-1.257,-0.614,0.013
1996-12-31,-1.138,-1.217,-0.652,-0.112
1997-01-01,-1.148,-1.125,-0.794,-0.348
1997-01-02,-1.146,-1.065,-0.822,-0.427
1997-01-03,-1.149,-1.194,-1.018,-0.439
1997-01-04,-1.103,-1.197,-1.074,-0.473
1997-01-05,-0.886,-1.190,-0.929,-0.323
1997-01-06,-0.875,-1.169,-0.724,-0.069
1997-01-07,-0.916,-1.095,-0.625,0.090
1997-01-08,-0.899,-1.047,-0.589,0.108
1997-01-09,-0.978,-0.994,-0.515,0.147
1997-01-10,-0.944,-0.944,-0.577,0.045
1997-01-11,-1.143,-0.899,-0.654,-0.130
1997-01-12,-1.088,-0.908,-0.747,-0.263
1997-01-13,-1.000,-1.000,-0.806,-0.263
1997-01-14,-1.079,-1.032,-0.779,-0.190
1997-01-15,-1.096,-1.038,-0.834,-0.173
1997-01-16,-1.005,-1.099,-0.944,-0.124
1997-01-17,-1.030,-1.169,-0.969,-0.072
1997-01-18,-1.053,-1.108,-0.862,0.025
1997-01-19,-1.092,-1.038,-0.808,-0.037
1997-01-20,-1.069,-1.004,-0.704,0.012
1997-01-21,-1.088,-1.000,-0.656,-0.000
1997-01-22,-0.912,-0.999,-0.641,-0.086
1997-01-23,-0.874,-1.083,-0.601,0.072
1997-01-24,-0.832,-1.136,-0.597,0.210
1997-01-25,-0.778,-1.143,-0.576,0.344
1997-01-26,-0.624,-1.085,-0.427,0.367
1997-01-27,-0.572,-1.092,-0.345,0.286
1997-01-28,-0.640,-1.107,-0.284,0.276
1997-01-29,-0.505,-1.052,-0.318,0.219
1997-01-30,-0.422,-0.947,-0.311,0.127
1997-01-31,-0.383,-0.902,-0.396,0.037
1997-02-01,-0.263,-0.903,-0.487,0.013
1997-02-02,-0.249,-0.905,-0.570,0.099
1997-02-03,-0.264,-0.949,-0.600,0.114
1997-02-04,-0.256,-0.938,-0.525,0.091
1997-02-05,-0.279,-0.944,-0.520,0.013
1997-02-06,-0.315,-0.979,-0.545,-0.057
1997-02-07,-0.269,-1.037,-0.537,0.028
1997-02-08,-0.168,-0.918,-0.385,0.308
1997-02-09,-0.098,-0.756,-0.305,0.369
1997-02-10,-0.087,-0.654,-0.326,0.312
1997-02-11,-0.218,-0.748,-0.417,0.262
1997-02-12,-0.281,-0.908,-0.523,0.220
1997-02-13,-0.360,-0.937,-0.624,0.165
1997-02-14,-0.373,-0.821,-0.557,0.117
1997-02-15,-0.490,-0.718,-0.396,0.178
1997-02-16,-0.497,-0.612,-0.304,0.257
1997-02-17,-0.357,-0.620,-0.293,0.220
1997-02-18,-0.069,-0.638,-0.287,0.270
1997-02-19,-0.049,-0.589,-0.318,0.351
1997-02-20,0.046,-0.635,-0.382,0.298
1997-02-21,0.111,-0.587,-0.437,0.153
1997-02-22,-0.063,-0.582,-0.487,0.057
1997-02-23,-0.185,-0.610,-0.516,0.036
1997-02-24,-0.284,-0.648,-0.481,0.070
1997-02-25,-0.421,-0.679,-0.466,0.104
1997-02-26,-0.480,-0.606,-0.416,0.173
1997-02-27,-0.429,-0.568,-0.339,0.239
1997-02-28,-0.474,-0.570,-0.283,0.217
1997-03-01,-0.213,-0.710,-0.357,0.076
1997-03-02,0.113,-0.765,-0.547,-0.082
1997-03-03,0.352,-0.722,-0.686,-0.204
1997-03-04,0.366,-0.602,-0.765,-0.294
1997-03-05,0.598,-0.517,-0.765,-0.281
1997-03-06,0.666,-0.503,-0.781,-0.278
1997-03-07,0.385,-0.522,-0.807,-0.153
1997-03-08,0.366,-0.612,-0.815,-0.127
1997-03-09,0.605,-0.651,-0.780,-0.012
1997-03-10,0.656,-0.618,-0.715,0.101
1997-03-11,0.533,-0.653,-0.675,0.159
1997-03-12,0.246,-0.612,-0.600,0.080
1997-03-13,0.164,-0.545,-0.564,-0.026
1997-03-14,0.130,-0.452,-0.583,-0.129
1997-03-15,0.141,-0.452,-0.655,-0.198
1997-03-16,0.235,-0.377,-0.503,-0.084
1997-03-17,0.250,-0.382,-0.261,0.192
1997-03-18,0.462,-0.401,-0.176,0.270
1997-03-19,0.541,-0.204,-0.020,0.233
1997-03-20,0.795,0.021,0.123,0.256
1997-03-21,1.131,0.205,0.192,0.250
1997-03-22,1.158,0.103,0.269,0.431
1997-03-23,1.035,-0.005,0.213,0.709
1997-03-24,0.767,0.013,0.138,0.817
1997-03-25,0.795,0.065,0.143,0.842
1997-03-26,0.860,0.073,0.039,0.746
1997-03-27,0.853,-0.011,-0.077,0.612
1997-03-28,0.846,-0.083,-0.153,0.600
1997-03-29,0.943,-0.210,-0.168,0.668
1997-03-30,1.211,-0.302,-0.116,0.775
1997-03-31,1.365,-0.309,-0.057,0.893
1997-04-01,1.242,-0.342,-0.106,0.767
1997-04-02,1.079,-0.380,-0.256,0.571
1997-04-03,1.007,-0.477,-0.407,0.501
1997-04-04,0.977,-0.514,-0.409,0.512
1997-04-05,0.954,-0.469,-0.295,0.629
1997-04-06,0.950,-0.499,-0.270,0.604
1997-04-07,0.988,-0.506,-0.231,0.569
1997-04-08,0.982,-0.496,-0.127,0.642
1997-04-09,0.944,-0.442,-0.059,0.708
1997-04-10,0.917,-0.418,-0.100,0.694
1997-04-11,0.858,-0.391,-0.114,0.553
1997-04-12,0.764,-0.361,-0.106,0.490
1997-04-13,0.683,-0.329,-0.137,0.476
1997-04-14,0.829,-0.301,-0.225,0.381
1997-04-15,1.080,-0.295,-0.143,0.342
1997-04-16,1.164,-0.241,-0.028,0.433
1997-04-17,1.164,-0.231,0.037,0.576
1997-04-18,1.221,-0.153,0.107,0.617
1997-04-19,1.357,0.002,0.178,0.648
1997-04-20,1.268,0.031,0.123,0.616
1997-04-21,1.025,0.084,0.130,0.622
1997-04-22,1.024,0.135,0.119,0.740
1997-04-23,1.148,0.202,0.264,0.919
1997-04-24,1.179,0.255,0.361,0.904
1997-04-25,1.286,0.376,0.420,0.781
1997-04-26,1.386,0.415,0.419,0.624
1997-04-27,1.570,0.506,0.423,0.528
1997-04-28,1.696,0.554,0.462,0.544
1997-04-29,1.524,0.475,0.463,0.659
1997-04-30,1.430,0.472,0.481,0.788
1997-05-01,1.408,0.496,0.401,0.762
1997-05-02,1.516,0.501,0.339,0.683
1997-05-03,1.831,0.558,0.297,0.619
1997-05-04,2.020,0.512,0.308,0.625
1997-05-05,1.961,0.521,0.376,0.616
1997-05-06,1.819,0.509,0.447,0.588
1997-05-07,1.687,0.408,0.370,0.646
1997-05-08,1.915,0.333,0.325,0.824
1997-05-09,1.971,0.441,0.507,0.931
1997-05-10,1.874,0.730,0.841,0.898
1997-05-11,1.826,0.719,0.786,0.744
1997-05-12,1.810,0.678,0.617,0.473
1997-05-13,1.986,0.615,0.496,0.332
1997-05-14,2.167,0.536,0.373,0.289
1997-05-15,2.333,0.451,0.323,0.283
1997-05-16,2.443,0.388,0.275,0.281
1997-05-17,2.407,0.418,0.331,0.513
1997-05-18,2.167,0.417,0.401,0.714
1997-05-19,1.998,0.410,0.398,0.772
1997-05-20,2.258,0.382,0.370,0.645
1997-05-21,2.485,0.423,0.474,0.649
1997-05-22,2.708,0.465,0.533,0.659
1997-05-23,2.679,0.502,0.548,0.576
1997-05-24,2.703,0.679,0.676,0.497
1997-05-25,2.651,0.863,0.747,0.402
1997-05-26,2.635,0.812,0.671,0.467
1997-05-27,2.644,0.899,0.759,0.581
1997-05-28,2.532,0.999,0.958,0.712
1997-05-29,2.371,1.063,1.055,0.740
1997-05-30,2.290,1.121,1.030,0.809
1997-05-31,2.556,1.150,0.956,0.826
1997-06-01,2.569,1.193,0.881,0.773
1997-06-02,2.456,1.329,0.985,0.682
1997-06-03,2.345,1.323,1.082,0.562
1997-06-04,2.385,1.373,1.156,0.527
1997-06-05,2.397,1.402,1.123,0.475
1997-06-06,2.553,1.375,1.034,0.407
1997-06-07,2.637,1.376,0.993,0.371
1997-06-08,2.785,1.336,0.937,0.294
1997-06-09,3.048,1.226,0.791,0.237
1997-06-10,3.168,1.253,0.765,0.230
1997-06-11,3.076,1.301,0.786,0.278
1997-06-12,3.024,1.291,0.825,0.343
1997-06-13,2.767,1.340,0.945,0.363
1997-06-14,2.824,1.353,1.076,0.387
1997-06-15,2.802,1.395,1.155,0.351
1997-06-16,2.805,1.460,1.178,0.390
1997-06-17,2.923,1.528,1.131,0.370
1997-06-18,2.892,1.566,1.022,0.253
1997-06-19,2.924,1.518,1.055,0.349
1997-06-20,2.952,1.488,1.057,0.436
1997-06-21,3.052,1.500,0.994,0.488
1997-06-22,3.027,1.487,0.984,0.401
1997-06-23,2.987,1.483,1.048,0.481
1997-06-24,3.151,1.500,1.272,0.679
1997-06-25,3.449,1.541,1.278,0.763
1997-06-26,3.691,1.751,1.249,0.619
1997-06-27,3.716,1.876,1.270,0.557
1997-06-28,3.579,1.877,1.206,0.520
1997-06-29,3.526,1.813,1.134,0.373
1997-06-30,3.604,1.835,1.126,0.315
1997-07-01,3.547,1.857,1.139,0.388
1997-07-02,3.401,1.826,1.166,0.414
1997-07-03,3.282,1.767,1.147,0.384
1997-07-04,3.248,1.771,1.154,0.358
1997-07-05,3.281,1.789,1.165,0.343
1997-07-06,3.322,1.816,1.212,0.411
1997-07-07,3.401,1.832,1.278,0.582
1997-07-08,3.546,1.842,1.366,0.740
1997-07-09,3.649,1.897,1.418,0.782
1997-07-10,3.593,1.983,1.589,0.837
1997-07-11,3.573,1.990,1.680,0.784
1997-07-12,3.561,1.915,1.656,0.756
1997-07-13,3.592,1.915,1.591,0.656
1997-07-14,3.586,2.110,1.585,0.661
1997-07-15,3.580,2.211,1.539,0.685
1997-07-16,3.704,2.220,1.518,0.631
1997-07-17,3.910,2.218,1.583,0.679
1997-07-18,4.022,2.202,1.606,0.631
1997-07-19,3.954,2.103,1.487,0.539
1997-07-20,3.888,2.042,1.497,0.583
1997-07-21,3.930,2.030,1.606,0.636
1997-07-22,3.876,1.901,1.473,0.678
1997-07-23,3.726,1.868,1.529,0.863
1997-07-24,3.669,1.892,1.637,1.034
1997-07-25,3.667,2.077,1.740,1.008
1997-07-26,3.698,2.340,1.914,0.885
1997-07-27,3.658,2.352,1.807,0.779
1997-07-28,3.576,2.388,1.617,0.689
1997-07-29,3.524,2.387,1.582,0.640
1997-07-30,3.552,2.317,1.549,0.555
1997-07-31,3.531,2.180,1.432,0.476
1997-08-01,3.632,2.058,1.342,0.461
1997-08-02,3.823,2.078,1.486,0.574
1997-08-03,3.830,2.209,1.608,0.616
1997-08-04,3.777,2.279,1.681,0.607
1997-08-05,3.781,2.342,1.800,0.681
1997-08-06,3.844,2.324,1.742,0.622
1997-08-07,3.938,2.350,1.737,0.597
1997-08-08,4.060,2.445,1.733,0.526
1997-08-09,4.082,2.508,1.698,0.475
1997-08-10,4.044,2.551,1.707,0.336
1997-08-11,4.115,2.524,1.663,0.316
1997-08-12,4.168,2.561,1.860,0.470
1997-08-13,4.142,2.574,1.900,0.571
1997-08-14,4.196,2.569,1.885,0.574
1997-08-15,4.064,2.600,1.842,0.524
1997-08-16,4.030,2.596,1.888,0.623
1997-08-17,3.947,2.583,1.880,0.668
1997-08-18,3.966,2.661,1.892,0.635
1997-08-19,3.865,2.746,1.876,0.498
1997-08-20,3.693,2.702,1.881,0.487
1997-08-21,3.590,2.556,1.870,0.547
1997-08-22,3.627,2.530,1.972,0.611
1997-08-23,3.629,2.615,2.040,0.643
1997-08-24,3.489,2.584,2.013,0.634
1997-08-25,3.264,2.503,1.926,0.548
1997-08-26,3.183,2.416,1.867,0.538
1997-08-27,3.156,2.406,1.865,0.587
1997-08-28,3.115,2.473,1.961,0.628
1997-08-29,3.140,2.573,2.027,0.662
1997-08-30,3.151,2.643,2.165,0.848
1997-08-31,3.097,2.577,2.220,0.903
1997-09-01,3.247,2.620,2.156,0.881
1997-09-02,3.523,2.733,2.105,0.803
1997-09-03,3.623,2.837,2.099,0.737
1997-09-04,3.813,2.833,2.101,0.659
1997-09-05,3.910,2.790,2.055,0.596
1997-09-06,3.909,2.794,1.986,0.611
1997-09-07,3.941,2.787,1.924,0.648
1997-09-08,3.833,2.686,1.842,0.666
1997-09-09,3.782,2.517,1.788,0.805
1997-09-10,3.710,2.467,1.854,0.904
1997-09-11,3.623,2.429,1.883,0.964
1997-09-12,3.639,2.411,1.880,0.874
1997-09-13,3.772,2.440,1.875,0.818
1997-09-14,3.707,2.520,1.922,0.901
1997-09-15,3.590,2.658,1.909,0.813
1997-09-16,3.553,2.745,1.964,0.783
1997-09-17,3.445,2.668,1.915,0.772
1997-09-18,3.547,2.561,1.922,0.828
1997-09-19,3.676,2.534,1.923,0.900
1997-09-20,3.762,2.492,1.875,0.852
1997-09-21,3.799,2.525,1.861,0.856
1997-09-22,3.875,2.588,1.780,0.884
1997-09-23,3.920,2.595,1.741,0.842
1997-09-24,3.928,2.650,1.750,0.756
1997-09-25,3.759,2.689,1.933,0.842
1997-09-26,3.545,2.702,2.033,0.956
1997-09-27,3.496,2.719,2.118,0.876
1997-09-28,3.540,2.743,2.186,0.787
1997-09-29,3.504,2.702,2.124,0.700
1997-09-30,3.404,2.725,2.075,0.631
1997-10-01,3.472,2.709,2.002,0.558
1997-10-02,3.422,2.674,1.959,0.459
1997-10-03,3.442,2.765,1.997,0.437
1997-10-04,3.531,2.916,2.194,0.513
1997-10-05,3.540,2.967,2.248,0.510
1997-10-06,3.403,2.968,2.248,0.500
1997-10-07,3.318,2.870,2.132,0.515
1997-10-08,3.373,2.828,2.098,0.489
1997-10-09,3.450,2.847,2.091,0.467
1997-10-10,3.506,2.858,2.046,0.386
1997-10-11,3.571,2.887,2.041,0.515
1997-10-12,3.698,2.917,2.161,0.671
1997-10-13,3.663,2.933,2.248,0.711
1997-10-14,3.310,2.857,2.260,0.705
1997-10-15,3.116,2.809,2.318,0.764
1997-10-16,3.204,2.752,2.250,0.835
1997-10-17,3.390,2.767,2.239,0.879
1997-10-18,3.770,2.881,2.251,0.830
1997-10-19,3.689,2.984,2.205,0.675
1997-10-20,3.522,3.014,2.095,0.576
1997-10-21,3.556,3.051,2.176,0.544
1997-10-22,3.785,2.933,2.193,0.567
1997-10-23,3.818,2.896,2.222,0.651
1997-10-24,3.700,2.905,2.232,0.662
1997-10-25,3.644,2.953,2.198,0.673
1997-10-26,3.579,3.013,2.153,0.610
1997-10-27,3.620,2.930,2.087,0.494
1997-10-28,3.681,2.819,1.986,0.381
1997-10-29,3.712,2.764,1.919,0.331
1997-10-30,3.748,2.724,1.918,0.383
1997-10-31,3.667,2.818,2.095,0.504
1997-11-01,3.607,2.881,2.197,0.603
1997-11-02,3.607,3.031,2.396,0.665
1997-11-03,3.654,3.065,2.467,0.619
1997-11-04,3.688,3.147,2.554,0.558
1997-11-05,3.719,3.145,2.525,0.564
1997-11-06,3.827,3.254,2.414,0.652
1997-11-07,3.897,3.258,2.361,0.781
1997-11-08,3.911,3.224,2.305,0.887
1997-11-09,4.048,3.253,2.309,1.009
1997-11-10,4.014,3.296,2.429,1.049
1997-11-11,3.857,3.358,2.496,1.019
1997-11-12,3.826,3.371,2.498,1.027
1997-11-13,3.884,3.478,2.492,0.904
1997-11-14,3.838,3.494,2.449,0.839
1997-11-15,3.646,3.474,2.378,0.849
1997-11-16,3.604,3.375,2.286,0.955
1997-11-17,3.519,3.246,2.331,1.140
1997-11-18,3.522,3.115,2.337,1.199
1997-11-19,3.816,3.090,2.426,1.244
1997-11-20,3.909,3.085,2.505,1.304
1997-11-21,3.755,3.188,2.529,1.243
1997-11-22,3.695,3.416,2.547,1.142
1997-11-23,3.366,3.479,2.576,1.111
1997-11-24,3.321,3.473,2.567,1.136
1997-11-25,3.889,3.462,2.507,1.073
1997-11-26,4.041,3.404,2.410,1.016
1997-11-27,3.831,3.341,2.337,0.952
1997-11-28,3.613,3.336,2.303,0.946
1997-11-29,3.697,3.341,2.277,0.941
1997-11-30,3.885,3.332,2.308,0.896
1997-12-01,3.877,3.318,2.374,0.898
1997-12-02,3.846,3.262,2.363,0.937
1997-12-03,3.909,3.220,2.393,0.971
1997-12-04,4.048,3.128,2.309,0.933
1997-12-05,3.980,3.104,2.249,0.750
1997-12-06,3.742,3.100,2.236,0.655
1997-12-07,3.597,3.172,2.149,0.611
1997-12-08,3.635,3.229,2.073,0.535
1997-12-09,3.995,3.232,2.149,0.467
1997-12-10,4.127,3.226,2.224,0.417
1997-12-11,4.254,3.265,2.251,0.364
1997-12-12,4.071,3.294,2.290,0.344
1997-12-13,3.976,3.226,2.302,0.494
1997-12-14,3.925,3.261,2.366,0.611
1997-12-15,3.715,3.343,2.421,0.618
1997-12-16,3.632,3.337,2.440,0.684
1997-12-17,3.651,3.327,2.401,0.636
1997-12-18,3.621,3.269,2.336,0.649
1997-12-19,3.652,3.225,2.358,0.743
1997-12-20,3.766,3.239,2.367,0.694
1997-12-21,3.698,3.202,2.331,0.606
1997-12-22,3.650,3.159,2.309,0.567
1997-12-23,3.468,3.164,2.232,0.496
1997-12-24,3.330,3.157,2.222,0.611
1997-12-25,3.332,3.138,2.193,0.682
1997-12-26,3.788,3.082,2.152,0.669
1997-12-27,3.974,3.206,2.266,0.602
1997-12-28,3.837,3.166,2.257,0.622
1997-12-29,3.612,3.030,2.125,0.567
1997-12-30,3.470,2.960,2.047,0.543
1997-12-31,3.394,2.918,2.032,0.548
1998-01-01,3.268,2.884,2.043,0.557
1998-01-02,3.294,2.928,2.023,0.594
1998-01-03,3.430,2.910,2.029,0.639
1998-01-04,3.438,2.868,1.989,0.618
1998-01-05,3.365,2.806,1.943,0.624
1998-01-06,3.461,2.812,1.941,0.485
1998-01-07,3.670,2.794,1.977,0.481
1998-01-08,3.630,2.778,1.969,0.434
1998-01-09,3.564,2.825,2.081,0.371
1998-01-10,3.335,2.861,2.156,0.396
1998-01-11,3.182,2.980,2.128,0.456
1998-01-12,3.008,2.944,2.085,0.543
1998-01-13,3.087,2.844,2.135,0.645
1998-01-14,3.102,2.711,2.076,0.580
1998-01-15,3.023,2.658,1.997,0.476
1998-01-16,2.967,2.712,1.956,0.471
1998-01-17,2.851,2.691,1.932,0.463
1998-01-18,2.733,2.724,1.923,0.323
1998-01-19,2.563,2.814,2.064,0.270
1998-01-20,2.401,2.827,2.127,0.289
1998-01-21,2.397,2.822,2.129,0.329
1998-01-22,2.674,2.908,2.296,0.520
1998-01-23,2.942,2.816,2.238,0.598
1998-01-24,2.960,2.724,2.164,0.564
1998-01-25,2.808,2.673,2.039,0.520
1998-01-26,2.644,2.663,2.054,0.694
1998-01-27,2.493,2.609,2.055,0.802
1998-01-28,2.287,2.644,2.092,0.825
1998-01-29,2.251,2.633,2.057,0.818
1998-01-30,2.471,2.580,2.083,0.828
1998-01-31,2.568,2.553,2.048,0.824
1998-02-01,2.521,2.642,2.095,0.773
1998-02-02,2.403,2.663,2.053,0.696
1998-02-03,2.313,2.701,2.180,0.747
1998-02-04,2.749,2.717,2.248,0.836
1998-02-05,2.664,2.816,2.319,0.872
1998-02-06,2.580,2.864,2.372,0.749
1998-02-07,2.572,2.892,2.373,0.643
1998-02-08,2.510,2.797,2.264,0.685
1998-02-09,2.465,2.606,2.089,0.670
1998-02-10,2.179,2.479,1.968,0.710
1998-02-11,2.131,2.417,1.941,0.759
1998-02-12,2.229,2.290,1.846,0.844
1998-02-13,2.091,2.043,1.692,0.920
1998-02-14,2.196,1.897,1.510,0.834
1998-02-15,2.239,1.823,1.416,0.653
1998-02-16,2.125,1.824,1.377,0.560
1998-02-17,2.036,1.847,1.428,0.549
1998-02-18,1.887,1.844,1.489,0.489
1998-02-19,1.800,1.827,1.527,0.447
1998-02-20,1.814,1.865,1.562,0.492
1998-02-21,1.809,1.829,1.505,0.561
1998-02-22,1.890,1.796,1.457,0.481
1998-02-23,2.051,1.779,1.340,0.469
1998-02-24,2.048,1.809,1.271,0.406
1998-02-25,2.024,1.861,1.273,0.377
1998-02-26,2.035,1.918,1.290,0.277
1998-02-27,1.963,2.000,1.317,0.267
1998-02-28,2.457,2.067,1.342,0.302
1998-03-01,2.592,1.999,1.396,0.443
1998-03-02,2.608,1.895,1.386,0.513
1998-03-03,2.439,1.852,1.331,0.500
1998-03-04,2.318,1.965,1.400,0.483
1998-03-05,2.244,2.029,1.445,0.467
1998-03-06,2.438,2.058,1.427,0.431
1998-03-07,2.481,2.005,1.364,0.534
1998-03-08,2.409,1.929,1.308,0.551
1998-03-09,2.544,1.870,1.275,0.618
1998-03-10,2.520,1.833,1.161,0.596
1998-03-11,2.475,1.773,1.137,0.570
1998-03-12,2.429,1.736,1.149,0.541
1998-03-13,2.399,1.701,1.194,0.488
1998-03-14,2.404,1.663,1.171,0.458
1998-03-15,2.328,1.614,1.103,0.402
1998-03-16,2.105,1.651,1.124,0.307
1998-03-17,2.312,1.692,1.132,0.260
1998-03-18,2.368,1.689,1.074,0.168
1998-03-19,2.281,1.717,1.057,0.163
1998-03-20,2.271,1.716,1.055,0.159
1998-03-21,2.135,1.753,1.165,0.203
1998-03-22,2.040,1.804,1.276,0.310
1998-03-23,2.365,1.771,1.328,0.369
1998-03-24,2.284,1.729,1.275,0.345
1998-03-25,2.169,1.705,1.276,0.401
1998-03-26,2.039,1.704,1.309,0.406
1998-03-27,2.063,1.664,1.282,0.305
1998-03-28,2.112,1.711,1.263,0.233
1998-03-29,2.338,1.670,1.213,0.258
1998-03-30,2.650,1.614,1.144,0.267
1998-03-31,2.758,1.619,1.118,0.283
1998-04-01,2.744,1.675,1.178,0.293
1998-04-02,2.745,1.751,1.191,0.239
1998-04-03,2.786,1.739,1.086,0.168
1998-04-04,2.815,1.745,0.945,0.038
1998-04-05,2.873,1.771,0.878,-0.036
1998-04-06,2.895,1.725,0.792,-0.076
1998-04-07,2.881,1.691,0.724,-0.114
1998-04-08,3.065,1.671,0.702,-0.162
1998-04-09,3.181,1.750,0.743,-0.202
1998-04-10,3.185,1.655,0.711,-0.127
1998-04-11,3.182,1.502,0.593,-0.062
1998-04-12,3.238,1.454,0.474,-0.099
1998-04-13,3.317,1.496,0.412,-0.189
1998-04-14,3.383,1.527,0.434,-0.261
1998-04-15,3.208,1.401,0.306,-0.304
1998-04-16,3.016,1.306,0.301,-0.203
1998-04-17,2.786,1.278,0.419,-0.150
1998-04-18,2.639,1.260,0.455,-0.088
1998-04-19,2.466,1.219,0.463,-0.131
1998-04-20,2.232,1.250,0.478,-0.216
1998-04-21,2.167,1.324,0.558,-0.269
1998-04-22,2.135,1.348,0.659,-0.163
1998-04-23,2.181,1.277,0.646,-0.043
1998-04-24,2.291,1.171,0.530,0.033
1998-04-25,2.403,1.149,0.529,0.150
1998-04-26,2.548,1.153,0.586,0.256
1998-04-27,2.541,1.098,0.637,0.381
1998-04-28,2.365,1.135,0.700,0.462
1998-04-29,2.296,1.207,0.693,0.372
1998-04-30,2.531,1.428,0.763,0.205
1998-05-01,2.617,1.551,0.826,0.160
1998-05-02,2.617,1.532,0.743,0.182
1998-05-03,2.597,1.644,0.902,0.293
1998-05-04,2.719,1.762,1.053,0.282
1998-05-05,2.939,1.858,1.086,0.159
1998-05-06,3.118,1.765,1.010,0.061
1998-05-07,3.286,1.761,1.026,0.081
1998-05-08,3.408,1.750,0.963,0.004
1998-05-09,3.423,1.659,0.861,-0.034
1998-05-10,3.549,1.556,0.782,-0.083
1998-05-11,3.562,1.521,0.725,-0.098
1998-05-12,3.509,1.553,0.762,0.041
1998-05-13,3.385,1.553,0.731,0.003
1998-05-14,3.262,1.610,0.646,-0.253
1998-05-15,3.185,1.588,0.612,-0.243
1998-05-16,3.196,1.478,0.580,-0.224
1998-05-17,3.333,1.311,0.573,-0.322
1998-05-18,3.527,1.279,0.561,-0.393
1998-05-19,3.592,1.289,0.520,-0.412
1998-05-20,3.553,1.190,0.477,-0.399
1998-05-21,3.547,1.059,0.467,-0.226
1998-05-22,3.552,0.980,0.544,-0.087
1998-05-23,3.558,0.909,0.589,-0.079
1998-05-24,3.326,0.879,0.562,-0.069
1998-05-25,3.009,0.826,0.457,-0.089
1998-05-26,2.961,0.687,0.300,-0.016
1998-05-27,3.299,0.517,0.204,-0.024
1998-05-28,3.389,0.292,0.047,-0.034
1998-05-29,3.258,0.069,-0.093,-0.004
1998-05-30,3.125,-0.053,-0.200,-0.066
1998-05-31,3.081,-0.063,-0.286,-0.028
1998-06-01,2.895,-0.066,-0.339,-0.095
1998-06-02,2.800,-0.024,-0.375,-0.230
1998-06-03,2.781,-0.019,-0.425,-0.266
1998-06-04,2.869,0.023,-0.464,-0.178
1998-06-05,2.857,-0.039,-0.539,-0.161
1998-06-06,2.876,-0.125,-0.703,-0.244
1998-06-07,2.818,-0.282,-0.893,-0.314
1998-06-08,2.732,-0.282,-0.957,-0.345
1998-06-09,2.615,-0.309,-1.002,-0.389
1998-06-10,2.535,-0.283,-0.951,-0.357
1998-06-11,2.538,-0.288,-0.868,-0.293
1998-06-12,2.531,-0.218,-0.584,-0.114
1998-06-13,2.359,-0.214,-0.411,-0.132
1998-06-14,2.111,-0.313,-0.453,-0.144
1998-06-15,1.989,-0.294,-0.416,-0.158
1998-06-16,1.820,-0.226,-0.375,-0.166
1998-06-17,1.751,-0.230,-0.408,-0.149
1998-06-18,1.634,-0.203,-0.405,-0.062
1998-06-19,1.513,-0.150,-0.463,-0.100
1998-06-20,1.435,-0.148,-0.554,-0.128
1998-06-21,1.471,-0.085,-0.596,-0.192
1998-06-22,1.512,-0.071,-0.691,-0.358
1998-06-23,1.477,-0.097,-0.789,-0.442
1998-06-24,1.439,-0.119,-0.772,-0.434
1998-06-25,1.332,-0.143,-0.779,-0.482
1998-06-26,1.394,-0.148,-0.900,-0.555
1998-06-27,1.429,-0.095,-0.924,-0.562
1998-06-28,1.305,-0.140,-0.995,-0.625
1998-06-29,1.384,-0.224,-1.029,-0.646
1998-06-30,1.423,-0.260,-1.043,-0.653
1998-07-01,1.336,-0.326,-1.068,-0.575
1998-07-02,1.177,-0.286,-1.020,-0.485
1998-07-03,1.094,-0.100,-0.864,-0.498
1998-07-04,1.121,0.002,-0.780,-0.497
1998-07-05,1.355,0.056,-0.774,-0.491
1998-07-06,1.494,0.092,-0.811,-0.492
1998-07-07,1.634,0.154,-0.779,-0.444
1998-07-08,1.633,0.142,-0.791,-0.465
1998-07-09,1.693,0.108,-0.888,-0.519
1998-07-10,1.673,-0.036,-1.032,-0.531
1998-07-11,1.691,-0.203,-1.141,-0.422
1998-07-12,1.673,-0.305,-1.202,-0.354
1998-07-13,1.777,-0.365,-1.186,-0.280
1998-07-14,1.614,-0.376,-1.121,-0.214
1998-07-15,1.636,-0.350,-1.085,-0.315
1998-07-16,1.653,-0.329,-1.092,-0.541
1998-07-17,1.541,-0.269,-1.082,-0.656
1998-07-18,1.359,-0.279,-1.125,-0.773
1998-07-19,1.342,-0.367,-1.091,-0.693
1998-07-20,1.406,-0.416,-1.084,-0.573
1998-07-21,1.452,-0.397,-1.106,-0.566
1998-07-22,1.454,-0.385,-1.129,-0.611
1998-07-23,1.387,-0.398,-1.218,-0.720
1998-07-24,1.400,-0.444,-1.350,-0.868
1998-07-25,1.442,-0.513,-1.394,-0.833
1998-07-26,1.569,-0.574,-1.406,-0.815
1998-07-27,1.754,-0.600,-1.548,-0.884
1998-07-28,2.003,-0.542,-1.487,-0.855
1998-07-29,2.082,-0.491,-1.340,-0.760
1998-07-30,2.089,-0.470,-1.260,-0.799
1998-07-31,2.063,-0.458,-1.238,-0.835
1998-08-01,1.791,-0.454,-1.195,-0.822
1998-08-02,1.598,-0.377,-1.134,-0.699
1998-08-03,1.490,-0.273,-1.044,-0.627
1998-08-04,1.456,-0.179,-1.076,-0.692
1998-08-05,1.407,-0.261,-1.262,-0.709
1998-08-06,1.431,-0.427,-1.383,-0.585
1998-08-07,1.585,-0.564,-1.420,-0.534
1998-08-08,1.587,-0.604,-1.440,-0.615
1998-08-09,1.359,-0.609,-1.458,-0.669
1998-08-10,1.038,-0.651,-1.431,-0.590
1998-08-11,0.960,-0.688,-1.350,-0.467
1998-08-12,0.970,-0.612,-1.164,-0.356
1998-08-13,0.882,-0.526,-1.018,-0.387
1998-08-14,0.725,-0.491,-0.961,-0.453
1998-08-15,0.663,-0.509,-1.024,-0.563
1998-08-16,0.630,-0.584,-1.196,-0.681
1998-08-17,0.662,-0.628,-1.329,-0.772
1998-08-18,0.652,-0.718,-1.500,-0.841
1998-08-19,0.690,-0.770,-1.650,-0.924
1998-08-20,0.882,-0.758,-1.698,-1.079
1998-08-21,0.963,-0.668,-1.620,-1.122
1998-08-22,0.919,-0.465,-1.320,-0.986
1998-08-23,0.758,-0.213,-1.012,-0.854
1998-08-24,0.634,-0.057,-0.880,-0.807
1998-08-25,0.432,-0.002,-0.885,-0.798
1998-08-26,0.468,0.032,-0.907,-0.803
1998-08-27,0.860,-0.079,-0.979,-0.838
1998-08-28,0.889,-0.191,-1.097,-0.935
1998-08-29,0.966,-0.281,-1.150,-0.898
1998-08-30,1.046,-0.342,-1.181,-0.841
1998-08-31,1.001,-0.365,-1.132,-0.721
1998-09-01,1.034,-0.323,-0.977,-0.579
1998-09-02,1.119,-0.221,-0.882,-0.573
1998-09-03,1.084,-0.173,-0.747,-0.500
1998-09-04,0.984,-0.173,-0.638,-0.394
1998-09-05,0.726,-0.329,-0.559,-0.251
1998-09-06,0.534,-0.457,-0.561,-0.168
1998-09-07,0.315,-0.566,-0.567,-0.099
1998-09-08,0.052,-0.586,-0.581,-0.040
1998-09-09,0.144,-0.555,-0.652,-0.081
1998-09-10,0.158,-0.518,-0.774,-0.205
1998-09-11,0.192,-0.515,-0.865,-0.319
1998-09-12,0.322,-0.562,-0.938,-0.324
1998-09-13,0.301,-0.654,-1.027,-0.387
1998-09-14,0.257,-0.707,-0.989,-0.397
1998-09-15,0.390,-0.777,-0.985,-0.448
1998-09-16,0.515,-0.760,-1.025,-0.563
1998-09-17,0.701,-0.729,-1.070,-0.600
1998-09-18,0.700,-0.779,-1.119,-0.566
1998-09-19,0.553,-0.820,-1.241,-0.616
1998-09-20,0.303,-0.822,-1.335,-0.778
1998-09-21,0.094,-0.739,-1.346,-0.973
1998-09-22,0.089,-0.737,-1.384,-1.050
1998-09-23,0.207,-0.840,-1.433,-1.090
1998-09-24,0.224,-0.927,-1.400,-1.053
1998-09-25,0.300,-0.913,-1.345,-0.934
1998-09-26,0.433,-0.975,-1.378,-0.897
1998-09-27,0.750,-0.999,-1.407,-1.019
1998-09-28,0.749,-1.007,-1.440,-1.104
1998-09-29,0.718,-0.901,-1.421,-1.108
1998-09-30,0.757,-0.854,-1.440,-1.144
1998-10-01,0.780,-0.916,-1.489,-1.242
1998-10-02,0.847,-1.021,-1.552,-1.220
1998-10-03,0.989,-1.179,-1.525,-1.027
1998-10-04,1.096,-1.280,-1.449,-0.928
1998-10-05,1.151,-1.219,-1.417,-0.943
1998-10-06,1.096,-1.125,-1.383,-0.986
1998-10-07,0.897,-1.031,-1.356,-1.038
1998-10-08,0.904,-0.962,-1.361,-1.099
1998-10-09,0.882,-0.907,-1.300,-1.132
1998-10-10,1.008,-0.879,-1.294,-1.242
1998-10-11,0.888,-0.804,-1.189,-1.209
1998-10-12,0.825,-0.821,-1.167,-1.192
1998-10-13,0.759,-0.886,-1.261,-1.310
1998-10-14,0.753,-0.901,-1.298,-1.237
1998-10-15,0.734,-0.897,-1.284,-1.220
1998-10-16,0.626,-0.907,-1.312,-1.188
1998-10-17,0.516,-0.915,-1.312,-1.122
1998-10-18,0.438,-0.890,-1.326,-1.202
1998-10-19,0.463,-0.860,-1.286,-1.270
1998-10-20,0.540,-0.764,-1.230,-1.335
1998-10-21,0.612,-0.686,-1.231,-1.404
1998-10-22,0.632,-0.649,-1.256,-1.542
1998-10-23,0.576,-0.756,-1.307,-1.579
1998-10-24,0.605,-0.873,-1.315,-1.452
1998-10-25,0.682,-0.889,-1.303,-1.390
1998-10-26,0.667,-0.826,-1.200,-1.418
1998-10-27,0.646,-0.833,-1.192,-1.466
1998-10-28,0.693,-0.858,-1.283,-1.450
1998-10-29,0.711,-0.798,-1.295,-1.394
1998-10-30,0.652,-0.720,-1.187,-1.259
1998-10-31,0.567,-0.667,-1.131,-1.193
1998-11-01,0.537,-0.602,-1.136,-1.165
1998-11-02,0.355,-0.504,-1.038,-1.173
1998-11-03,0.182,-0.496,-0.999,-1.134
1998-11-04,0.021,-0.375,-1.002,-1.037
1998-11-05,-0.167,-0.236,-1.013,-1.103
1998-11-06,-0.311,-0.157,-0.978,-1.202
1998-11-07,-0.295,-0.148,-1.048,-1.438
1998-11-08,-0.251,-0.189,-1.009,-1.361
1998-11-09,-0.317,-0.296,-1.074,-1.311
1998-11-10,-0.278,-0.422,-1.170,-1.359
1998-11-11,-0.205,-0.542,-1.253,-1.472
1998-11-12,-0.106,-0.629,-1.313,-1.482
1998-11-13,-0.067,-0.739,-1.340,-1.433
1998-11-14,-0.057,-0.819,-1.315,-1.288
1998-11-15,-0.174,-0.851,-1.283,-1.202
1998-11-16,-0.229,-0.811,-1.257,-1.163
1998-11-17,-0.060,-0.759,-1.168,-1.121
1998-11-18,-0.041,-0.743,-1.151,-1.270
1998-11-19,-0.122,-0.692,-1.118,-1.283
1998-11-20,-0.149,-0.710,-1.155,-1.119
1998-11-21,-0.197,-0.691,-1.168,-1.015
1998-11-22,-0.276,-0.745,-1.241,-1.047
1998-11-23,-0.567,-0.781,-1.256,-1.052
1998-11-24,-0.730,-0.827,-1.261,-1.021
1998-11-25,-0.844,-0.897,-1.281,-1.041
1998-11-26,-0.850,-0.911,-1.236,-1.046
1998-11-27,-0.846,-0.854,-1.170,-1.148
1998-11-28,-0.366,-0.847,-1.145,-1.183
1998-11-29,-0.297,-0.935,-1.238,-1.188
1998-11-30,-0.383,-0.946,-1.220,-1.171
1998-12-01,-0.518,-0.914,-1.180,-1.212
1998-12-02,-0.458,-0.965,-1.208,-1.192
1998-12-03,-0.380,-1.103,-1.329,-1.055
1998-12-04,-0.292,-1.142,-1.401,-1.084
1998-12-05,-0.250,-1.143,-1.559,-1.284
1998-12-06,-0.128,-1.172,-1.620,-1.305
1998-12-07,0.015,-1.166,-1.561,-1.312
1998-12-08,0.230,-1.162,-1.561,-1.319
1998-12-09,0.398,-1.160,-1.595,-1.310
1998-12-10,0.703,-1.195,-1.669,-1.369
1998-12-11,0.735,-1.168,-1.746,-1.447
1998-12-12,0.649,-1.170,-1.853,-1.506
1998-12-13,0.534,-1.087,-1.865,-1.608
1998-12-14,0.467,-0.986,-1.698,-1.564
1998-12-15,0.278,-0.968,-1.617,-1.542
1998-12-16,0.275,-0.961,-1.606,-1.429
1998-12-17,0.291,-1.048,-1.664,-1.248
1998-12-18,0.428,-1.173,-1.794,-1.213
1998-12-19,0.545,-1.210,-1.828,-1.228
1998-12-20,0.570,-1.253,-1.935,-1.344
1998-12-21,0.425,-1.264,-1.993,-1.375
1998-12-22,0.209,-1.259,-1.946,-1.343
1998-12-23,0.161,-1.241,-1.924,-1.349
1998-12-24,0.409,-1.269,-1.899,-1.394
1998-12-25,0.357,-1.299,-1.871,-1.416
1998-12-26,0.208,-1.280,-1.792,-1.366
1998-12-27,0.254,-1.213,-1.794,-1.459
1998-12-28,0.272,-1.364,-1.927,-1.507
1998-12-29,0.067,-1.498,-2.009,-1.454
1998-12-30,-0.219,-1.543,-2.023,-1.513
1998-12-31,-0.646,-1.574,-2.015,-1.588
2014-01-01,0.107,-0.257,-0.607,-0.281
2014-01-02,-0.018,-0.306,-0.643,-0.278
2014-01-03,-0.130,-0.331,-0.633,-0.241
2014-01-04,-0.102,-0.360,-0.691,-0.227
2014-01-05,-0.178,-0.382,-0.748,-0.260
2014-01-06,-0.057,-0.390,-0.826,-0.315
2014-01-07,0.087,-0.400,-0.840,-0.325
2014-01-08,0.364,-0.384,-0.797,-0.327
2014-01-09,0.434,-0.425,-0.802,-0.348
2014-01-10,0.371,-0.469,-0.827,-0.376
2014-01-11,0.326,-0.482,-0.806,-0.350
2014-01-12,0.259,-0.494,-0.800,-0.334
2014-01-13,0.240,-0.463,-0.770,-0.382
2014-01-14,0.340,-0.464,-0.771,-0.446
2014-01-15,0.373,-0.480,-0.825,-0.463
2014-01-16,0.392,-0.441,-0.843,-0.508
2014-01-17,0.345,-0.316,-0.749,-0.406
2014-01-18,0.399,-0.138,-0.577,-0.348
2014-01-19,0.493,0.025,-0.398,-0.320
2014-01-20,0.549,0.111,-0.197,-0.218
2014-01-21,0.498,0.131,-0.130,-0.144
2014-01-22,0.427,0.101,-0.143,-0.090
2014-01-23,0.336,0.075,-0.157,-0.057
2014-01-24,0.234,0.027,-0.201,-0.100
2014-01-25,0.321,0.004,-0.262,-0.149
2014-01-26,0.333,-0.109,-0.320,-0.181
2014-01-27,0.290,-0.166,-0.351,-0.252
2014-01-28,0.217,-0.262,-0.399,-0.239
2014-01-29,0.237,-0.341,-0.441,-0.283
2014-01-30,0.251,-0.424,-0.522,-0.342
2014-01-31,0.248,-0.508,-0.640,-0.322
2014-02-01,0.136,-0.674,-0.856,-0.299
2014-02-02,0.042,-0.831,-1.090,-0.304
2014-02-03,0.161,-0.953,-1.293,-0.361
2014-02-04,0.080,-1.024,-1.437,-0.364
2014-02-05,-0.026,-1.090,-1.489,-0.362
2014-02-06,-0.154,-1.135,-1.499,-0.362
2014-02-07,-0.289,-1.171,-1.538,-0.327
2014-02-08,-0.379,-1.136,-1.399,-0.207
2014-02-09,-0.448,-1.130,-1.298,-0.051
2014-02-10,-0.592,-1.167,-1.230,-0.004
2014-02-11,-0.681,-1.172,-1.160,-0.023
2014-02-12,-0.798,-1.174,-1.129,0.023
2014-02-13,-0.858,-1.177,-1.060,0.157
2014-02-14,-0.909,-1.188,-1.003,0.226
2014-02-15,-0.969,-1.128,-0.865,0.267
2014-02-16,-1.071,-0.949,-0.633,0.316
2014-02-17,-1.236,-0.833,-0.484,0.318
2014-02-18,-1.389,-0.739,-0.393,0.326
2014-02-19,-1.471,-0.623,-0.348,0.237
2014-02-20,-1.550,-0.504,-0.368,0.103
2014-02-21,-1.499,-0.440,-0.451,0.020
2014-02-22,-1.319,-0.424,-0.580,-0.142
2014-02-23,-1.166,-0.466,-0.704,-0.339
2014-02-24,-1.026,-0.432,-0.800,-0.502
2014-02-25,-0.962,-0.419,-0.891,-0.600
2014-02-26,-0.900,-0.449,-0.938,-0.589
2014-02-27,-0.839,-0.457,-0.940,-0.604
2014-02-28,-0.796,-0.479,-1.020,-0.665
2014-03-01,-0.695,-0.498,-1.095,-0.680
2014-03-02,-0.447,-0.494,-1.155,-0.643
2014-03-03,-0.214,-0.504,-1.211,-0.594
2014-03-04,-0.225,-0.511,-1.250,-0.572
2014-03-05,-0.284,-0.494,-1.213,-0.474
2014-03-06,-0.335,-0.472,-1.177,-0.347
2014-03-07,-0.378,-0.411,-1.140,-0.290
2014-03-08,-0.468,-0.375,-1.040,-0.158
2014-03-09,-0.498,-0.330,-0.925,-0.136
2014-03-10,-0.565,-0.220,-0.739,-0.108
2014-03-11,-0.628,-0.107,-0.605,-0.007
2014-03-12,-0.693,-0.004,-0.509,0.046
2014-03-13,-0.781,0.056,-0.385,0.200
2014-03-14,-0.960,0.089,-0.258,0.318
2014-03-15,-1.051,0.027,-0.221,0.361
2014-03-16,-1.146,-0.125,-0.297,0.381
2014-03-17,-1.113,-0.253,-0.311,0.341
2014-03-18,-0.982,-0.218,-0.263,0.345
2014-03-19,-0.849,-0.070,-0.156,0.269
2014-03-20,-0.714,0.093,-0.067,0.241
2014-03-21,-0.678,0.343,0.040,0.263
2014-03-22,-0.789,0.483,0.196,0.284
2014-03-23,-0.617,0.529,0.242,0.334
2014-03-24,-0.493,0.537,0.230,0.383
2014-03-25,-0.386,0.528,0.225,0.382
2014-03-26,-0.269,0.522,0.228,0.344
2014-03-27,-0.204,0.643,0.355,0.370
2014-03-28,-0.256,0.709,0.476,0.541
2014-03-29,-0.298,0.685,0.500,0.687
2014-03-30,-0.290,0.664,0.476,0.838
2014-03-31,-0.182,0.599,0.446,0.873
2014-04-01,-0.111,0.567,0.454,0.802
2014-04-02,-0.179,0.577,0.416,0.657
2014-04-03,-0.239,0.576,0.342,0.456
2014-04-04,-0.212,0.474,0.276,0.379
2014-04-05,-0.179,0.379,0.249,0.345
2014-04-06,-0.185,0.312,0.258,0.354
2014-04-07,-0.226,0.270,0.240,0.330
2014-04-08,-0.377,0.294,0.316,0.374
2014-04-09,-0.441,0.305,0.388,0.469
2014-04-10,-0.497,0.302,0.455,0.509
2014-04-11,-0.648,0.310,0.453,0.499
2014-04-12,-0.804,0.284,0.389,0.459
2014-04-13,-0.820,0.335,0.362,0.409
2014-04-14,-0.719,0.367,0.331,0.386
2014-04-15,-0.586,0.321,0.308,0.385
2014-04-16,-0.421,0.334,0.383,0.393
2014-04-17,-0.316,0.374,0.444,0.402
2014-04-18,-0.227,0.347,0.401,0.384
2014-04-19,-0.184,0.339,0.376,0.441
2014-04-20,-0.156,0.362,0.362,0.458
2014-04-21,-0.053,0.404,0.355,0.447
2014-04-22,-0.046,0.484,0.346,0.425
2014-04-23,0.022,0.519,0.323,0.399
2014-04-24,0.133,0.476,0.251,0.332
2014-04-25,0.273,0.475,0.240,0.320
2014-04-26,0.466,0.468,0.202,0.324
2014-04-27,0.655,0.439,0.170,0.368
2014-04-28,0.654,0.413,0.212,0.426
2014-04-29,0.645,0.481,0.325,0.448
2014-04-30,0.634,0.597,0.463,0.531
2014-05-01,0.553,0.667,0.514,0.536
2014-05-02,0.453,0.619,0.465,0.539
2014-05-03,0.448,0.559,0.378,0.580
2014-05-04,0.411,0.571,0.365,0.620
2014-05-05,0.387,0.674,0.474,0.791
2014-05-06,0.482,0.784,0.628,0.901
2014-05-07,0.630,0.886,0.782,0.849
2014-05-08,0.726,0.870,0.748,0.714
2014-05-09,0.796,0.794,0.589,0.591
2014-05-10,1.136,0.769,0.497,0.534
2014-05-11,1.266,0.747,0.454,0.491
2014-05-12,1.204,0.733,0.416,0.449
2014-05-13,1.083,0.715,0.432,0.449
2014-05-14,1.099,0.657,0.434,0.560
2014-05-15,1.147,0.630,0.408,0.668
2014-05-16,1.066,0.593,0.391,0.718
2014-05-17,0.930,0.618,0.425,0.696
2014-05-18,0.939,0.593,0.476,0.788
2014-05-19,0.958,0.565,0.507,0.833
2014-05-20,1.052,0.625,0.599,0.912
2014-05-21,1.127,0.736,0.711,0.874
2014-05-22,1.045,0.895,0.879,0.841
2014-05-23,1.029,0.935,0.901,0.715
2014-05-24,0.966,0.933,0.886,0.644
2014-05-25,1.054,0.898,0.824,0.633
2014-05-26,1.238,0.890,0.793,0.644
2014-05-27,1.258,0.910,0.755,0.676
2014-05-28,1.323,0.916,0.718,0.691
2014-05-29,1.239,0.920,0.677,0.666
2014-05-30,1.059,0.926,0.653,0.640
2014-05-31,0.897,0.930,0.656,0.560
2014-06-01,0.869,0.912,0.631,0.592
2014-06-02,0.999,0.882,0.621,0.705
2014-06-03,1.123,0.853,0.581,0.749
2014-06-04,1.345,0.905,0.620,0.806
2014-06-05,1.382,0.969,0.724,0.844
2014-06-06,1.267,1.033,0.802,0.876
2014-06-07,1.073,1.080,0.805,0.822
2014-06-08,1.020,1.066,0.769,0.751
2014-06-09,1.069,1.037,0.746,0.705
2014-06-10,1.267,1.018,0.763,0.707
2014-06-11,1.322,1.077,0.773,0.694
2014-06-12,1.358,1.172,0.804,0.627
2014-06-13,1.469,1.249,0.810,0.517
2014-06-14,1.644,1.286,0.802,0.485
2014-06-15,1.760,1.323,0.844,0.514
2014-06-16,1.901,1.322,0.859,0.477
2014-06-17,2.032,1.345,0.819,0.416
2014-06-18,2.029,1.380,0.815,0.287
2014-06-19,1.974,1.438,0.818,0.211
2014-06-20,1.892,1.435,0.741,0.115
2014-06-21,1.837,1.409,0.681,0.093
2014-06-22,1.775,1.454,0.745,0.137
2014-06-23,1.710,1.487,0.785,0.177
2014-06-24,1.715,1.454,0.743,0.212
2014-06-25,1.641,1.394,0.670,0.216
2014-06-26,1.515,1.296,0.539,0.162
2014-06-27,1.357,1.217,0.370,0.083
2014-06-28,1.160,1.104,0.226,0.007
2014-06-29,1.177,1.019,0.164,0.007
2014-06-30,1.239,0.931,0.159,0.036
2014-07-01,1.299,0.890,0.181,0.077
2014-07-02,1.328,0.912,0.203,0.116
2014-07-03,1.408,0.951,0.217,0.112
2014-07-04,1.425,0.993,0.250,0.119
2014-07-05,1.400,0.930,0.287,0.230
2014-07-06,1.242,0.878,0.277,0.225
2014-07-07,1.250,0.841,0.254,0.226
2014-07-08,1.335,0.811,0.265,0.206
2014-07-09,1.438,0.770,0.277,0.183
2014-07-10,1.424,0.735,0.341,0.216
2014-07-11,1.405,0.740,0.377,0.234
2014-07-12,1.430,0.720,0.285,0.269
2014-07-13,1.504,0.686,0.197,0.328
2014-07-14,1.464,0.669,0.153,0.389
2014-07-15,1.533,0.661,0.134,0.429
2014-07-16,1.646,0.684,0.154,0.372
2014-07-17,1.699,0.648,0.108,0.317
2014-07-18,1.748,0.586,0.012,0.235
2014-07-19,1.846,0.532,-0.067,0.077
2014-07-20,1.897,0.496,-0.115,0.032
2014-07-21,1.952,0.475,-0.164,0.090
2014-07-22,1.821,0.494,-0.217,0.165
2014-07-23,1.644,0.569,-0.154,0.222
2014-07-24,1.466,0.650,-0.105,0.193
2014-07-25,1.302,0.648,-0.105,0.150
2014-07-26,1.245,0.542,-0.102,0.115
2014-07-27,1.204,0.375,-0.098,0.178
2014-07-28,1.224,0.310,-0.044,0.305
2014-07-29,1.131,0.300,0.047,0.459
2014-07-30,1.074,0.290,0.056,0.525
2014-07-31,0.937,0.339,0.106,0.582
2014-08-01,1.010,0.434,0.155,0.596
2014-08-02,1.109,0.510,0.178,0.621
2014-08-03,1.123,0.509,0.151,0.678
2014-08-04,1.249,0.478,0.059,0.700
2014-08-05,1.289,0.457,0.018,0.604
2014-08-06,1.257,0.462,0.022,0.562
2014-08-07,1.059,0.474,-0.011,0.532
2014-08-08,1.099,0.494,-0.009,0.502
2014-08-09,0.992,0.490,-0.062,0.455
2014-08-10,0.933,0.403,-0.116,0.554
2014-08-11,0.910,0.347,-0.131,0.559
2014-08-12,0.935,0.311,-0.178,0.521
2014-08-13,0.953,0.240,-0.259,0.444
2014-08-14,1.067,0.245,-0.239,0.361
2014-08-15,1.104,0.325,-0.134,0.359
2014-08-16,1.115,0.357,-0.040,0.362
2014-08-17,1.207,0.345,-0.036,0.247
2014-08-18,1.236,0.378,-0.012,0.291
2014-08-19,1.214,0.386,0.011,0.349
2014-08-20,1.216,0.377,0.048,0.374
2014-08-21,1.267,0.348,0.089,0.449
2014-08-22,1.211,0.368,0.124,0.523
2014-08-23,1.047,0.434,0.212,0.545
2014-08-24,0.855,0.458,0.274,0.562
2014-08-25,0.826,0.442,0.288,0.548
2014-08-26,0.746,0.420,0.276,0.530
2014-08-27,0.646,0.407,0.250,0.459
2014-08-28,0.693,0.388,0.221,0.452
2014-08-29,0.831,0.368,0.241,0.501
2014-08-30,0.849,0.330,0.230,0.563
2014-08-31,0.834,0.265,0.117,0.556
2014-09-01,0.757,0.268,0.064,0.549
2014-09-02,0.748,0.349,0.141,0.563
2014-09-03,0.805,0.363,0.186,0.542
2014-09-04,0.839,0.401,0.230,0.511
2014-09-05,0.692,0.402,0.322,0.555
2014-09-06,0.437,0.403,0.354,0.576
2014-09-07,0.416,0.363,0.324,0.639
2014-09-08,0.584,0.332,0.354,0.762
2014-09-09,0.641,0.314,0.435,0.932
2014-09-10,0.638,0.293,0.439,0.975
2014-09-11,0.549,0.293,0.472,0.948
2014-09-12,0.570,0.322,0.513,0.935
2014-09-13,0.607,0.281,0.514,0.957
2014-09-14,0.501,0.269,0.518,0.997
2014-09-15,0.484,0.332,0.507,0.971
2014-09-16,0.640,0.404,0.491,0.875
2014-09-17,0.845,0.436,0.463,0.790
2014-09-18,0.972,0.425,0.447,0.808
2014-09-19,1.053,0.420,0.485,0.796
2014-09-20,1.079,0.403,0.488,0.762
2014-09-21,1.264,0.407,0.428,0.710
2014-09-22,1.230,0.410,0.376,0.724
2014-09-23,1.164,0.385,0.306,0.659
2014-09-24,1.028,0.356,0.285,0.645
2014-09-25,0.948,0.364,0.248,0.676
2014-09-26,0.849,0.444,0.264,0.695
2014-09-27,0.886,0.560,0.341,0.666
2014-09-28,0.842,0.598,0.311,0.560
2014-09-29,0.786,0.590,0.322,0.529
2014-09-30,0.696,0.582,0.321,0.532
2014-10-01,0.779,0.595,0.324,0.494
2014-10-02,0.904,0.599,0.337,0.489
2014-10-03,0.920,0.663,0.362,0.488
2014-10-04,0.921,0.692,0.389,0.544
2014-10-05,0.922,0.714,0.421,0.589
2014-10-06,0.772,0.755,0.489,0.612
2014-10-07,0.612,0.750,0.508,0.608
2014-10-08,0.453,0.700,0.462,0.589
2014-10-09,0.334,0.617,0.398,0.571
2014-10-10,0.190,0.575,0.395,0.610
2014-10-11,0.054,0.577,0.477,0.674
2014-10-12,0.084,0.656,0.572,0.745
2014-10-13,0.255,0.678,0.607,0.825
2014-10-14,0.306,0.691,0.606,0.816
2014-10-15,0.348,0.662,0.558,0.832
2014-10-16,0.545,0.681,0.579,0.820
2014-10-17,0.608,0.720,0.556,0.760
2014-10-18,0.602,0.723,0.571,0.733
2014-10-19,0.583,0.775,0.575,0.732
2014-10-20,0.479,0.803,0.505,0.683
2014-10-21,0.336,0.844,0.502,0.714
2014-10-22,0.318,0.870,0.533,0.733
2014-10-23,0.317,0.886,0.530,0.698
2014-10-24,0.300,0.897,0.602,0.759
2014-10-25,0.235,0.909,0.617,0.862
2014-10-26,0.204,0.869,0.551,0.887
2014-10-27,0.057,0.904,0.603,0.943
2014-10-28,-0.059,0.920,0.702,0.982
2014-10-29,-0.161,0.910,0.783,1.003
2014-10-30,-0.104,0.871,0.801,0.954
2014-10-31,0.052,0.869,0.816,0.943
2014-11-01,0.202,0.890,0.834,0.934
2014-11-02,0.373,0.940,0.857,0.899
2014-11-03,0.513,0.980,0.942,0.956
2014-11-04,0.633,0.956,0.924,1.050
2014-11-05,0.747,0.971,0.921,1.092
2014-11-06,0.765,1.007,0.942,1.144
2014-11-07,0.709,1.013,0.968,1.187
2014-11-08,0.638,0.999,1.016,1.219
2014-11-09,0.665,0.991,1.017,1.184
2014-11-10,0.851,0.949,0.958,1.199
2014-11-11,0.997,0.983,0.957,1.150
2014-11-12,1.068,1.077,0.968,1.032
2014-11-13,1.224,1.169,0.972,0.994
2014-11-14,1.339,1.209,0.960,0.958
2014-11-15,1.383,1.193,0.942,0.953
2014-11-16,1.324,1.196,1.010,0.955
2014-11-17,1.052,1.227,1.092,1.046
2014-11-18,1.013,1.221,1.119,1.108
2014-11-19,0.970,1.222,1.170,1.161
2014-11-20,0.866,1.190,1.176,1.119
2014-11-21,0.677,1.110,1.124,1.079
2014-11-22,0.503,1.025,1.039,1.121
2014-11-23,0.462,0.926,0.982,1.127
2014-11-24,0.506,0.912,0.963,1.044
2014-11-25,0.520,0.944,0.969,0.998
2014-11-26,0.537,0.979,0.966,0.912
2014-11-27,0.511,0.979,0.959,0.933
2014-11-28,0.401,0.922,0.908,0.862
2014-11-29,0.348,0.894,0.919,0.874
2014-11-30,0.272,0.861,0.908,0.942
2014-12-01,0.107,0.793,0.899,1.011
2014-12-02,-0.113,0.697,0.802,1.014
2014-12-03,-0.316,0.723,0.776,0.985
2014-12-04,-0.361,0.766,0.761,0.950
2014-12-05,-0.273,0.817,0.775,0.886
2014-12-06,-0.249,0.835,0.780,0.869
2014-12-07,-0.322,0.873,0.809,0.856
2014-12-08,-0.361,0.882,0.865,0.873
2014-12-09,-0.294,0.869,0.831,0.942
2014-12-10,-0.129,0.882,0.815,0.965
2014-12-11,-0.036,0.968,0.900,0.927
2014-12-12,-0.082,1.019,0.903,0.904
2014-12-13,-0.013,0.996,0.854,0.994
2014-12-14,0.152,0.969,0.799,1.013
2014-12-15,0.076,0.996,0.818,1.001
2014-12-16,-0.006,1.058,0.876,0.958
2014-12-17,-0.111,1.036,0.929,1.000
2014-12-18,-0.173,0.972,0.920,1.066
2014-12-19,-0.228,0.868,0.808,1.028
2014-12-20,-0.254,0.790,0.760,1.024
2014-12-21,-0.277,0.731,0.714,1.048
2014-12-22,-0.235,0.692,0.607,0.968
2014-12-23,-0.268,0.654,0.524,0.945
2014-12-24,-0.327,0.697,0.560,0.960
2014-12-25,-0.222,0.709,0.567,0.939
2014-12-26,-0.231,0.708,0.530,0.897
2014-12-27,-0.315,0.737,0.520,0.820
2014-12-28,-0.247,0.734,0.465,0.774
2014-12-29,0.049,0.717,0.429,0.745
2014-12-30,0.160,0.651,0.379,0.745
2014-12-31,0.176,0.535,0.257,0.687
2015-01-01,0.071,0.452,0.099,0.564
2015-01-02,0.077,0.470,0.133,0.552
2015-01-03,0.023,0.438,0.160,0.572
2015-01-04,0.059,0.397,0.193,0.565
2015-01-05,0.115,0.379,0.213,0.603
2015-01-06,0.163,0.368,0.221,0.651
2015-01-07,0.138,0.331,0.227,0.622
2015-01-08,0.126,0.328,0.234,0.557
2015-01-09,0.113,0.317,0.197,0.481
2015-01-10,0.148,0.264,0.170,0.470
2015-01-11,0.128,0.253,0.153,0.522
2015-01-12,0.072,0.258,0.152,0.538
2015-01-13,0.074,0.249,0.160,0.517
2015-01-14,0.067,0.299,0.182,0.536
2015-01-15,0.062,0.452,0.321,0.713
2015-01-16,0.115,0.637,0.501,0.875
2015-01-17,0.179,0.735,0.647,0.936
2015-01-18,0.252,0.797,0.756,1.035
2015-01-19,0.257,0.825,0.796,1.092
2015-01-20,0.188,0.800,0.720,1.062
2015-01-21,0.292,0.775,0.684,0.999
2015-01-22,0.356,0.760,0.689,0.951
2015-01-23,0.279,0.734,0.644,0.848
2015-01-24,0.175,0.700,0.691,0.881
2015-01-25,0.241,0.662,0.775,0.962
2015-01-26,0.209,0.568,0.770,1.051
2015-01-27,0.287,0.425,0.736,1.052
2015-01-28,0.194,0.311,0.651,0.995
2015-01-29,0.051,0.285,0.678,1.020
2015-01-30,-0.193,0.292,0.703,1.035
2015-01-31,-0.270,0.316,0.777,1.050
2015-02-01,-0.300,0.329,0.809,1.022
2015-02-02,-0.307,0.296,0.831,0.969
2015-02-03,-0.332,0.245,0.839,0.958
2015-02-04,-0.439,0.236,0.812,0.927
2015-02-05,-0.451,0.216,0.767,0.916
2015-02-06,-0.450,0.215,0.767,0.950
2015-02-07,-0.434,0.253,0.752,0.932
2015-02-08,-0.359,0.333,0.721,0.914
2015-02-09,-0.208,0.369,0.658,0.857
2015-02-10,-0.270,0.431,0.606,0.820
2015-02-11,-0.252,0.475,0.585,0.783
2015-02-12,-0.342,0.476,0.638,0.873
2015-02-13,-0.434,0.425,0.643,0.954
2015-02-14,-0.510,0.403,0.665,0.978
2015-02-15,-0.421,0.297,0.632,0.993
2015-02-16,-0.252,0.256,0.631,1.052
2015-02-17,-0.262,0.273,0.577,1.016
2015-02-18,-0.376,0.242,0.508,0.985
2015-02-19,-0.345,0.209,0.431,0.980
2015-02-20,-0.237,0.254,0.430,1.005
2015-02-21,-0.062,0.315,0.445,1.027
2015-02-22,-0.099,0.408,0.524,1.078
2015-02-23,-0.283,0.462,0.668,1.185
2015-02-24,-0.403,0.460,0.855,1.292
2015-02-25,-0.505,0.417,0.848,1.282
2015-02-26,-0.436,0.331,0.847,1.343
2015-02-27,-0.392,0.310,0.837,1.369
2015-02-28,-0.371,0.266,0.754,1.315
2015-03-01,-0.579,0.134,0.639,1.269
2015-03-02,-0.538,0.019,0.517,1.239
2015-03-03,-0.524,0.067,0.490,1.202
2015-03-04,-0.507,0.163,0.479,1.166
2015-03-05,-0.515,0.194,0.462,1.142
2015-03-06,-0.416,0.132,0.447,1.127
2015-03-07,-0.440,0.040,0.383,1.077
2015-03-08,-0.514,-0.091,0.283,1.076
2015-03-09,-0.503,-0.177,0.205,1.027
2015-03-10,-0.458,-0.235,0.200,0.992
2015-03-11,-0.239,-0.269,0.208,0.943
2015-03-12,-0.104,-0.310,0.212,1.002
2015-03-13,0.009,-0.294,0.275,1.064
2015-03-14,0.104,-0.148,0.321,1.044
2015-03-15,0.306,0.023,0.401,1.090
2015-03-16,0.352,0.169,0.471,1.150
2015-03-17,0.432,0.254,0.467,1.164
2015-03-18,0.492,0.283,0.463,1.128
2015-03-19,0.601,0.315,0.441,1.040
2015-03-20,0.849,0.353,0.453,1.015
2015-03-21,0.930,0.346,0.470,1.013
2015-03-22,1.061,0.345,0.471,0.993
2015-03-23,1.279,0.286,0.492,1.024
2015-03-24,1.438,0.286,0.544,1.022
2015-03-25,1.556,0.331,0.532,0.982
2015-03-26,1.613,0.443,0.612,0.985
2015-03-27,1.566,0.567,0.623,0.980
2015-03-28,1.605,0.679,0.623,0.983
2015-03-29,1.558,0.714,0.669,0.957
2015-03-30,1.492,0.715,0.678,0.948
2015-03-31,1.459,0.766,0.723,0.961
2015-04-01,1.572,0.767,0.720,0.990
2015-04-02,1.442,0.703,0.733,1.044
2015-04-03,1.361,0.630,0.765,1.074
2015-04-04,1.092,0.611,0.765,1.118
2015-04-05,0.780,0.582,0.670,1.044
2015-04-06,0.769,0.569,0.636,1.018
2015-04-07,0.826,0.523,0.673,1.131
2015-04-08,0.858,0.534,0.715,1.127
2015-04-09,0.796,0.635,0.805,1.139
2015-04-10,0.794,0.798,0.946,1.188
2015-04-11,0.921,0.910,1.002,1.179
2015-04-12,1.034,1.034,1.010,1.179
2015-04-13,1.032,1.116,1.047,1.186
2015-04-14,1.087,1.198,1.122,1.272
2015-04-15,1.226,1.238,1.085,1.310
2015-04-16,1.371,1.260,1.102,1.293
2015-04-17,1.468,1.298,1.228,1.330
2015-04-18,1.423,1.295,1.196,1.275
2015-04-19,1.341,1.332,1.168,1.265
2015-04-20,1.394,1.298,1.137,1.335
2015-04-21,1.413,1.234,1.159,1.387
2015-04-22,1.452,1.204,1.147,1.400
2015-04-23,1.452,1.207,1.108,1.405
2015-04-24,1.568,1.202,1.060,1.452
2015-04-25,1.614,1.156,1.047,1.454
2015-04-26,1.571,1.090,1.048,1.450
2015-04-27,1.537,1.071,1.074,1.404
2015-04-28,1.513,1.067,1.105,1.362
2015-04-29,1.389,1.095,1.130,1.300
2015-04-30,1.458,1.117,1.138,1.317
2015-05-01,1.556,1.143,1.162,1.307
2015-05-02,1.539,1.172,1.180,1.278
2015-05-03,1.608,1.113,1.122,1.213
2015-05-04,1.792,1.100,1.098,1.230
2015-05-05,1.928,1.111,1.032,1.169
2015-05-06,1.954,1.081,0.965,1.107
2015-05-07,1.900,1.049,0.909,1.065
2015-05-08,1.855,1.013,0.874,1.035
2015-05-09,1.736,1.003,0.858,0.983
2015-05-10,1.717,0.992,0.865,0.966
2015-05-11,1.776,0.993,0.861,0.971
2015-05-12,1.788,1.049,0.910,0.982
2015-05-13,1.753,1.105,0.979,0.998
2015-05-14,1.598,1.069,0.985,0.976
2015-05-15,1.588,1.065,0.962,0.925
2015-05-16,1.685,1.038,0.854,0.846
2015-05-17,1.685,0.971,0.731,0.826
2015-05-18,1.669,0.943,0.749,0.934
2015-05-19,1.668,0.913,0.746,1.016
2015-05-20,1.653,0.863,0.718,1.085
2015-05-21,1.691,0.871,0.797,1.093
2015-05-22,1.688,0.958,0.912,0.995
2015-05-23,1.755,1.009,0.976,0.978
2015-05-24,1.736,1.039,1.008,1.029
2015-05-25,1.642,1.038,0.998,0.989
2015-05-26,1.603,1.047,1.113,1.086
2015-05-27,1.584,1.090,1.240,1.214
2015-05-28,1.608,1.089,1.248,1.253
2015-05-29,1.607,1.027,1.180,1.280
2015-05-30,1.604,0.940,1.158,1.340
2015-05-31,1.691,0.916,1.161,1.421
2015-06-01,1.693,0.920,1.137,1.397
2015-06-02,1.728,0.993,1.143,1.349
2015-06-03,1.752,1.057,1.138,1.340
2015-06-04,1.870,1.137,1.155,1.342
2015-06-05,1.926,1.167,1.126,1.251
2015-06-06,1.955,1.200,1.108,1.167
2015-06-07,1.855,1.257,1.173,1.189
2015-06-08,1.981,1.254,1.148,1.222
2015-06-09,2.201,1.296,1.113,1.203
2015-06-10,2.370,1.347,1.096,1.172
2015-06-11,2.395,1.411,1.125,1.137
2015-06-12,2.380,1.415,1.081,1.081
2015-06-13,2.361,1.392,1.003,1.022
2015-06-14,2.280,1.402,1.015,0.995
2015-06-15,2.161,1.499,1.081,1.014
2015-06-16,2.099,1.584,1.181,1.005
2015-06-17,2.106,1.663,1.305,1.089
2015-06-18,2.007,1.743,1.336,1.141
2015-06-19,2.042,1.779,1.352,1.149
2015-06-20,2.198,1.803,1.430,1.154
2015-06-21,2.277,1.845,1.500,1.119
2015-06-22,2.277,1.790,1.446,1.120
2015-06-23,2.325,1.741,1.381,1.149
2015-06-24,2.263,1.740,1.327,1.104
2015-06-25,2.107,1.821,1.376,1.078
2015-06-26,1.969,1.877,1.491,1.122
2015-06-27,2.016,1.843,1.528,1.169
2015-06-28,2.119,1.850,1.515,1.166
2015-06-29,2.288,1.817,1.465,1.139
2015-06-30,2.458,1.801,1.385,1.039
2015-07-01,2.614,1.793,1.389,1.014
2015-07-02,2.743,1.789,1.365,1.028
2015-07-03,2.706,1.828,1.385,1.033
2015-07-04,2.610,1.923,1.480,1.065
2015-07-05,2.542,1.958,1.530,1.096
2015-07-06,2.465,1.980,1.564,1.182
2015-07-07,2.385,1.984,1.536,1.206
2015-07-08,2.432,2.001,1.508,1.197
2015-07-09,2.593,2.044,1.524,1.220
2015-07-10,2.675,2.092,1.528,1.235
2015-07-11,2.781,2.048,1.484,1.228
2015-07-12,2.820,2.052,1.450,1.175
2015-07-13,2.743,2.071,1.486,1.209
2015-07-14,2.619,2.096,1.552,1.311
2015-07-15,2.636,2.102,1.619,1.294
2015-07-16,2.618,2.122,1.688,1.278
2015-07-17,2.619,2.057,1.647,1.296
2015-07-18,2.799,2.057,1.557,1.273
2015-07-19,2.741,2.122,1.518,1.260
2015-07-20,2.611,2.072,1.440,1.278
2015-07-21,2.549,1.981,1.334,1.231
2015-07-22,2.522,1.844,1.247,1.169
2015-07-23,2.508,1.788,1.230,1.164
2015-07-24,2.414,1.717,1.231,1.097
2015-07-25,2.267,1.719,1.312,1.003
2015-07-26,2.206,1.729,1.408,1.032
2015-07-27,2.193,1.745,1.519,1.082
2015-07-28,2.177,1.737,1.496,1.047
2015-07-29,2.095,1.755,1.452,1.038
2015-07-30,2.134,1.803,1.404,0.999
2015-07-31,2.151,1.859,1.422,0.957
2015-08-01,2.201,1.860,1.389,0.858
2015-08-02,2.198,1.845,1.479,0.916
2015-08-03,2.220,1.832,1.541,0.908
2015-08-04,2.222,1.827,1.539,0.901
2015-08-05,2.223,1.880,1.634,1.003
2015-08-06,2.195,1.932,1.695,0.986
2015-08-07,2.114,1.978,1.798,1.021
2015-08-08,1.936,1.966,1.797,0.982
2015-08-09,1.736,1.957,1.740,0.891
2015-08-10,1.704,1.965,1.727,0.818
2015-08-11,1.622,1.986,1.767,0.786
2015-08-12,1.505,1.961,1.791,0.835
2015-08-13,1.370,1.974,1.871,0.892
2015-08-14,1.327,1.987,1.922,1.005
2015-08-15,1.326,2.042,1.961,1.117
2015-08-16,1.411,2.049,1.893,1.083
2015-08-17,1.458,2.042,1.872,1.096
2015-08-18,1.538,2.036,1.856,1.091
2015-08-19,1.830,2.066,1.832,1.010
2015-08-20,1.899,2.140,1.897,1.039
2015-08-21,1.997,2.110,1.964,1.101
2015-08-22,2.013,2.080,1.985,1.092
2015-08-23,1.969,2.065,1.950,1.114
2015-08-24,1.895,2.013,1.899,1.071
2015-08-25,1.740,2.049,1.956,1.035
2015-08-26,1.704,2.060,1.983,1.023
2015-08-27,1.614,2.043,1.941,0.957
2015-08-28,1.605,1.962,1.856,0.970
2015-08-29,1.651,1.887,1.764,0.966
2015-08-30,1.845,1.883,1.702,0.923
2015-08-31,2.211,1.913,1.624,0.845
2015-09-01,2.313,1.919,1.594,0.798
2015-09-02,2.334,1.911,1.627,0.826
2015-09-03,2.332,1.910,1.683,0.822
2015-09-04,2.289,1.963,1.750,0.838
2015-09-05,2.253,1.962,1.773,0.947
2015-09-06,2.264,1.923,1.772,1.043
2015-09-07,2.182,1.925,1.789,1.031
2015-09-08,2.078,1.910,1.729,0.969
2015-09-09,1.899,1.863,1.632,0.937
2015-09-10,1.795,1.910,1.638,0.895
2015-09-11,1.782,1.998,1.610,0.854
2015-09-12,1.765,2.122,1.630,0.827
2015-09-13,1.838,2.232,1.801,0.910
2015-09-14,2.013,2.272,1.908,1.054
2015-09-15,2.282,2.295,1.974,1.130
2015-09-16,2.397,2.305,1.963,1.147
2015-09-17,2.430,2.328,2.019,1.144
2015-09-18,2.354,2.362,2.075,1.112
2015-09-19,2.385,2.433,2.149,1.127
2015-09-20,2.409,2.499,2.158,1.091
2015-09-21,2.484,2.532,2.116,1.068
2015-09-22,2.582,2.512,2.026,1.042
2015-09-23,2.632,2.517,2.037,1.049
2015-09-24,2.620,2.488,2.039,1.039
2015-09-25,2.565,2.424,2.029,1.069
2015-09-26,2.563,2.371,2.061,1.120
2015-09-27,2.542,2.304,2.051,1.163
2015-09-28,2.502,2.244,2.012,1.183
2015-09-29,2.417,2.245,2.017,1.223
2015-09-30,2.302,2.289,2.083,1.215
2015-10-01,2.444,2.307,2.148,1.182
2015-10-02,2.592,2.292,2.201,1.221
2015-10-03,2.643,2.268,2.144,1.188
2015-10-04,2.718,2.291,2.051,1.121
2015-10-05,2.790,2.277,2.008,1.123
2015-10-06,2.725,2.333,2.087,1.185
2015-10-07,2.634,2.423,2.184,1.190
2015-10-08,2.482,2.466,2.234,1.133
2015-10-09,2.304,2.521,2.293,1.047
2015-10-10,2.299,2.511,2.253,1.030
2015-10-11,2.287,2.516,2.259,1.032
2015-10-12,2.260,2.489,2.228,0.979
2015-10-13,2.225,2.436,2.233,0.979
2015-10-14,2.154,2.406,2.281,1.048
2015-10-15,2.155,2.392,2.319,1.106
2015-10-16,2.179,2.398,2.336,1.184
2015-10-17,2.129,2.464,2.399,1.263
2015-10-18,2.075,2.491,2.451,1.371
2015-10-19,2.059,2.523,2.501,1.458
2015-10-20,2.083,2.529,2.521,1.467
2015-10-21,2.053,2.580,2.525,1.459
2015-10-22,1.954,2.634,2.521,1.348
2015-10-23,1.911,2.668,2.526,1.323
2015-10-24,1.898,2.638,2.484,1.316
2015-10-25,1.886,2.651,2.486,1.352
2015-10-26,1.856,2.715,2.511,1.332
2015-10-27,1.931,2.805,2.655,1.350
2015-10-28,2.005,2.858,2.794,1.495
2015-10-29,2.047,2.875,2.755,1.459
2015-10-30,2.099,2.867,2.721,1.452
2015-10-31,2.175,2.852,2.702,1.479
2015-11-01,2.311,2.812,2.721,1.576
2015-11-02,2.358,2.819,2.786,1.644
2015-11-03,2.330,2.807,2.815,1.686
2015-11-04,2.200,2.807,2.801,1.724
2015-11-05,2.123,2.809,2.827,1.835
2015-11-06,2.076,2.791,2.853,1.900
2015-11-07,2.036,2.786,2.832,1.847
2015-11-08,2.059,2.813,2.872,1.852
2015-11-09,2.096,2.805,2.895,1.844
2015-11-10,2.060,2.779,2.914,1.839
2015-11-11,1.988,2.781,2.944,1.851
2015-11-12,2.035,2.838,3.020,1.936
2015-11-13,2.062,2.928,3.090,1.970
2015-11-14,2.084,2.966,3.163,1.955
2015-11-15,2.012,2.986,3.221,1.953
2015-11-16,1.978,3.038,3.257,1.918
2015-11-17,2.042,3.074,3.288,1.979
2015-11-18,2.122,3.071,3.284,2.008
2015-11-19,2.011,3.043,3.274,2.088
2015-11-20,1.990,3.025,3.217,2.081
2015-11-21,1.978,2.986,3.148,2.063
2015-11-22,1.935,2.961,3.116,2.071
2015-11-23,2.020,3.013,3.140,2.081
2015-11-24,2.062,3.067,3.148,2.026
2015-11-25,2.072,3.011,3.107,2.028
2015-11-26,2.100,3.001,3.115,1.942
2015-11-27,2.303,2.995,3.126,1.861
2015-11-28,2.288,2.942,3.047,1.829
2015-11-29,2.195,2.906,3.001,1.842
2015-11-30,2.143,2.882,2.993,1.859
2015-12-01,2.126,2.885,2.940,1.847
2015-12-02,2.173,2.861,2.820,1.796
2015-12-03,2.285,2.803,2.646,1.708
2015-12-04,2.380,2.733,2.497,1.638
2015-12-05,2.435,2.689,2.366,1.541
2015-12-06,2.456,2.662,2.329,1.531
2015-12-07,2.462,2.741,2.457,1.568
2015-12-08,2.297,2.764,2.556,1.680
2015-12-09,2.235,2.753,2.591,1.698
2015-12-10,2.204,2.707,2.628,1.718
2015-12-11,2.218,2.686,2.643,1.731
2015-12-12,2.288,2.695,2.631,1.730
2015-12-13,2.366,2.727,2.634,1.713
2015-12-14,2.378,2.754,2.615,1.689
2015-12-15,2.316,2.744,2.576,1.639
2015-12-16,2.168,2.712,2.582,1.629
2015-12-17,2.056,2.688,2.599,1.612
2015-12-18,2.078,2.670,2.613,1.591
2015-12-19,2.097,2.653,2.640,1.638
2015-12-20,2.126,2.660,2.639,1.577
2015-12-21,2.102,2.664,2.624,1.544
2015-12-22,2.135,2.629,2.574,1.566
2015-12-23,2.110,2.591,2.493,1.602
2015-12-24,2.106,2.574,2.421,1.570
2015-12-25,2.023,2.561,2.438,1.577
2015-12-26,2.017,2.541,2.432,1.535
2015-12-27,1.945,2.593,2.449,1.505
2015-12-28,1.935,2.575,2.395,1.466
2015-12-29,1.973,2.556,2.421,1.470
2015-12-30,1.955,2.473,2.368,1.458
2015-12-31,1.898,2.420,2.290,1.426
2016-01-01,1.716,2.361,2.183,1.429
2016-01-02,1.626,2.354,2.148,1.403
2016-01-03,1.473,2.397,2.167,1.397
2016-01-04,1.495,2.477,2.233,1.374
2016-01-05,1.610,2.490,2.262,1.374
2016-01-06,1.664,2.546,2.341,1.379
2016-01-07,1.632,2.489,2.318,1.346
2016-01-08,1.467,2.520,2.386,1.339
2016-01-09,1.450,2.641,2.458,1.363
2016-01-10,1.428,2.713,2.533,1.353
2016-01-11,1.375,2.746,2.588,1.294
2016-01-12,1.261,2.780,2.627,1.287
2016-01-13,1.239,2.786,2.664,1.266
2016-01-14,1.264,2.735,2.657,1.294
2016-01-15,1.262,2.656,2.611,1.297
2016-01-16,1.088,2.572,2.551,1.270
2016-01-17,0.958,2.494,2.554,1.284
2016-01-18,0.976,2.464,2.603,1.318
2016-01-19,0.898,2.450,2.596,1.297
2016-01-20,0.932,2.425,2.598,1.336
2016-01-21,1.205,2.415,2.590,1.398
2016-01-22,1.205,2.421,2.581,1.424
2016-01-23,1.119,2.407,2.560,1.412
2016-01-24,1.086,2.405,2.597,1.411
2016-01-25,1.077,2.362,2.619,1.426
2016-01-26,1.166,2.318,2.586,1.430
2016-01-27,1.141,2.292,2.590,1.478
2016-01-28,1.111,2.264,2.588,1.489
2016-01-29,1.184,2.224,2.562,1.513
2016-01-30,1.314,2.230,2.534,1.456
2016-01-31,1.397,2.206,2.497,1.463
2016-02-01,1.362,2.204,2.479,1.528
2016-02-02,1.319,2.248,2.519,1.544
2016-02-03,1.272,2.232,2.533,1.577
2016-02-04,1.342,2.211,2.521,1.616
2016-02-05,1.327,2.174,2.493,1.596
2016-02-06,1.255,2.117,2.473,1.525
2016-02-07,1.054,2.047,2.505,1.496
2016-02-08,0.936,1.985,2.491,1.492
2016-02-09,1.012,1.978,2.486,1.496
2016-02-10,1.233,1.917,2.453,1.547
2016-02-11,1.239,1.928,2.424,1.550
2016-02-12,1.116,1.920,2.360,1.554
2016-02-13,1.041,1.869,2.267,1.506
2016-02-14,0.982,1.827,2.258,1.513
2016-02-15,0.958,1.758,2.217,1.527
2016-02-16,0.850,1.736,2.179,1.492
2016-02-17,1.133,1.764,2.167,1.460
2016-02-18,1.361,1.784,2.127,1.415
2016-02-19,1.377,1.774,2.111,1.393
2016-02-20,1.340,1.730,2.052,1.355
2016-02-21,1.250,1.751,2.008,1.356
2016-02-22,1.303,1.809,1.983,1.373
2016-02-23,1.363,1.825,1.916,1.357
2016-02-24,1.414,1.872,1.945,1.384
2016-02-25,1.344,1.875,1.962,1.397
2016-02-26,1.359,1.878,1.949,1.351
2016-02-27,1.365,1.900,1.997,1.361
2016-02-28,1.374,1.900,1.995,1.378
2016-02-29,1.393,1.851,1.986,1.362
2016-03-01,1.354,1.819,1.962,1.353
2016-03-02,1.209,1.778,1.934,1.346
2016-03-03,1.090,1.748,1.886,1.313
2016-03-04,0.920,1.772,1.916,1.307
2016-03-05,0.897,1.792,1.936,1.358
2016-03-06,0.930,1.766,1.922,1.469
2016-03-07,1.365,1.771,1.874,1.500
2016-03-08,1.329,1.755,1.861,1.543
2016-03-09,1.367,1.741,1.838,1.588
2016-03-10,1.437,1.779,1.855,1.549
2016-03-11,1.390,1.820,1.852,1.519
2016-03-12,1.378,1.770,1.756,1.463
2016-03-13,1.423,1.721,1.711,1.424
2016-03-14,1.489,1.659,1.650,1.387
2016-03-15,1.518,1.664,1.664,1.364
2016-03-16,1.398,1.649,1.665,1.335
2016-03-17,1.322,1.679,1.658,1.302
2016-03-18,1.375,1.653,1.642,1.299
2016-03-19,1.459,1.619,1.611,1.284
2016-03-20,1.521,1.633,1.570,1.256
2016-03-21,1.592,1.623,1.498,1.246
2016-03-22,1.565,1.520,1.448,1.259
2016-03-23,1.485,1.466,1.457,1.294
2016-03-24,1.488,1.428,1.448,1.248
2016-03-25,1.472,1.380,1.427,1.212
2016-03-26,1.478,1.368,1.417,1.220
2016-03-27,1.477,1.408,1.434,1.247
2016-03-28,1.535,1.514,1.498,1.200
2016-03-29,1.643,1.523,1.429,1.110
2016-03-30,1.672,1.534,1.397,1.063
2016-03-31,1.744,1.580,1.328,1.028
2016-04-01,1.843,1.545,1.239,1.015
2016-04-02,1.939,1.562,1.192,0.978
2016-04-03,1.885,1.573,1.156,0.925
2016-04-04,1.767,1.567,1.175,0.886
2016-04-05,1.565,1.480,1.190,0.889
2016-04-06,1.360,1.313,1.165,0.863
2016-04-07,1.132,1.227,1.240,0.823
2016-04-08,0.834,1.230,1.354,0.769
2016-04-09,0.453,1.283,1.409,0.740
2016-04-10,0.287,1.324,1.358,0.715
2016-04-11,0.178,1.264,1.319,0.705
2016-04-12,0.090,1.158,1.248,0.671
2016-04-13,0.105,1.065,1.199,0.658
2016-04-14,0.093,0.977,1.187,0.713
2016-04-15,0.134,0.950,1.139,0.777
2016-04-16,0.268,0.869,1.067,0.751
2016-04-17,0.312,0.770,1.067,0.787
2016-04-18,0.279,0.667,1.091,0.817
2016-04-19,0.225,0.562,1.153,0.908
2016-04-20,0.150,0.421,1.152,0.903
2016-04-21,-0.156,0.368,1.195,0.942
2016-04-22,-0.291,0.314,1.136,0.944
2016-04-23,-0.229,0.323,1.119,0.984
2016-04-24,-0.121,0.282,1.052,0.928
2016-04-25,0.067,0.323,1.071,0.939
2016-04-26,0.099,0.339,0.913,0.864
2016-04-27,0.253,0.365,0.829,0.943
2016-04-28,0.301,0.345,0.732,0.954
2016-04-29,0.336,0.360,0.728,0.945
2016-04-30,0.337,0.435,0.811,0.968
2016-05-01,0.563,0.445,0.852,0.936
2016-05-02,0.899,0.419,0.768,0.867
2016-05-03,0.825,0.403,0.666,0.842
2016-05-04,0.756,0.354,0.747,0.880
2016-05-05,0.773,0.296,0.796,0.965
2016-05-06,0.746,0.264,0.859,1.052
2016-05-07,0.639,0.326,0.876,0.986
2016-05-08,0.600,0.418,0.853,0.977
2016-05-09,0.805,0.411,0.778,0.893
2016-05-10,0.702,0.355,0.661,0.760
2016-05-11,1.024,0.304,0.584,0.762
2016-05-12,1.099,0.184,0.443,0.663
2016-05-13,1.067,0.102,0.368,0.677
2016-05-14,1.004,-0.064,0.287,0.758
2016-05-15,1.005,-0.105,0.260,0.705
2016-05-16,0.772,-0.119,0.251,0.667
2016-05-17,0.734,-0.178,0.230,0.669
2016-05-18,0.354,-0.240,0.178,0.652
2016-05-19,0.345,-0.245,0.143,0.647
2016-05-20,0.254,-0.333,0.008,0.612
2016-05-21,0.338,-0.412,-0.037,0.690
2016-05-22,0.344,-0.355,-0.072,0.617
2016-05-23,0.373,-0.307,-0.084,0.624
2016-05-24,0.314,-0.181,-0.017,0.583
2016-05-25,0.416,-0.160,0.072,0.574
2016-05-26,0.454,-0.152,0.058,0.575
2016-05-27,0.368,-0.155,-0.012,0.575
2016-05-28,0.232,-0.171,-0.058,0.578
2016-05-29,0.203,-0.230,0.011,0.633
2016-05-30,0.129,-0.233,0.030,0.578
2016-05-31,0.125,-0.201,-0.050,0.485
2016-06-01,0.199,-0.018,-0.050,0.567
2016-06-02,0.690,-0.009,-0.054,0.502
2016-06-03,0.907,0.012,0.013,0.521
2016-06-04,0.892,-0.003,0.099,0.504
2016-06-05,0.835,-0.029,0.158,0.684
2016-06-06,0.724,0.011,0.096,0.654
2016-06-07,0.565,0.031,0.186,0.698
2016-06-08,0.334,0.129,0.209,0.701
2016-06-09,0.298,0.268,0.299,0.772
2016-06-10,0.332,0.355,0.321,0.746
2016-06-11,0.498,0.443,0.411,0.829
2016-06-12,0.610,0.604,0.536,0.760
2016-06-13,0.697,0.569,0.602,0.840
2016-06-14,0.828,0.536,0.610,0.875
2016-06-15,0.806,0.449,0.652,0.968
2016-06-16,0.660,0.350,0.562,0.939
2016-06-17,0.494,0.253,0.458,0.767
2016-06-18,0.409,0.177,0.326,0.726
2016-06-19,0.377,0.043,0.163,0.710
2016-06-20,0.394,-0.061,0.090,0.672
2016-06-21,0.428,-0.079,-0.011,0.638
2016-06-22,0.370,-0.040,-0.083,0.539
2016-06-23,0.334,-0.058,-0.212,0.430
2016-06-24,0.333,-0.094,-0.322,0.343
2016-06-25,0.108,-0.178,-0.397,0.227
2016-06-26,-0.026,-0.176,-0.370,0.257
2016-06-27,-0.079,-0.112,-0.267,0.229
2016-06-28,-0.081,0.036,-0.086,0.328
2016-06-29,-0.123,0.032,0.087,0.402
2016-06-30,0.031,0.046,0.172,0.475
2016-07-01,-0.026,0.125,0.082,0.456
2016-07-02,0.114,0.115,0.029,0.443
2016-07-03,0.166,-0.000,-0.020,0.462
2016-07-04,0.178,-0.156,-0.090,0.526
2016-07-05,0.125,-0.268,-0.171,0.496
2016-07-06,0.086,-0.352,-0.254,0.444
2016-07-07,0.093,-0.424,-0.317,0.438
2016-07-08,0.091,-0.521,-0.324,0.449
2016-07-09,0.112,-0.515,-0.261,0.418
2016-07-10,0.149,-0.520,-0.286,0.351
2016-07-11,0.170,-0.504,-0.331,0.351
2016-07-12,0.203,-0.452,-0.363,0.352
2016-07-13,0.272,-0.430,-0.414,0.306
2016-07-14,0.267,-0.430,-0.445,0.274
2016-07-15,0.241,-0.431,-0.449,0.249
2016-07-16,0.386,-0.409,-0.454,0.299
2016-07-17,0.442,-0.408,-0.458,0.394
2016-07-18,0.535,-0.382,-0.449,0.409
2016-07-19,0.606,-0.305,-0.428,0.372
2016-07-20,0.703,-0.254,-0.385,0.318
2016-07-21,0.762,-0.282,-0.379,0.301
2016-07-22,0.767,-0.306,-0.416,0.289
2016-07-23,0.705,-0.345,-0.448,0.234
2016-07-24,0.699,-0.397,-0.489,0.174
2016-07-25,0.758,-0.421,-0.454,0.193
2016-07-26,0.606,-0.455,-0.372,0.280
2016-07-27,0.395,-0.500,-0.334,0.267
2016-07-28,0.324,-0.553,-0.380,0.297
2016-07-29,0.236,-0.564,-0.434,0.355
2016-07-30,0.265,-0.516,-0.407,0.367
2016-07-31,0.263,-0.410,-0.360,0.377
2016-08-01,0.314,-0.302,-0.322,0.332
2016-08-02,0.423,-0.252,-0.317,0.291
2016-08-03,0.455,-0.252,-0.349,0.272
2016-08-04,0.649,-0.276,-0.385,0.227
2016-08-05,0.706,-0.262,-0.361,0.187
2016-08-06,0.510,-0.308,-0.355,0.107
2016-08-07,0.277,-0.416,-0.426,0.050
2016-08-08,0.093,-0.512,-0.442,0.023
2016-08-09,0.102,-0.572,-0.477,0.007
2016-08-10,0.132,-0.563,-0.490,0.030
2016-08-11,0.198,-0.554,-0.470,0.110
2016-08-12,0.287,-0.531,-0.420,0.196
2016-08-13,0.380,-0.485,-0.383,0.276
2016-08-14,0.411,-0.420,-0.358,0.377
2016-08-15,0.476,-0.349,-0.348,0.401
2016-08-16,0.639,-0.305,-0.359,0.384
2016-08-17,0.690,-0.305,-0.400,0.340
2016-08-18,0.620,-0.357,-0.433,0.273
2016-08-19,0.533,-0.383,-0.470,0.170
2016-08-20,0.320,-0.460,-0.558,0.084
2016-08-21,0.222,-0.538,-0.645,0.042
2016-08-22,0.255,-0.564,-0.686,0.028
2016-08-23,0.285,-0.586,-0.682,0.018
2016-08-24,0.173,-0.602,-0.626,0.087
2016-08-25,0.219,-0.608,-0.589,0.147
2016-08-26,0.361,-0.439,-0.519,0.162
2016-08-27,0.464,-0.273,-0.447,0.215
2016-08-28,0.515,-0.162,-0.393,0.227
2016-08-29,0.483,-0.104,-0.377,0.188
2016-08-30,0.386,-0.041,-0.359,0.164
2016-08-31,0.388,-0.047,-0.421,0.088
2016-09-01,0.444,-0.042,-0.427,0.063
2016-09-02,0.450,-0.064,-0.463,0.040
2016-09-03,0.308,-0.071,-0.483,0.006
2016-09-04,0.309,-0.089,-0.469,0.020
2016-09-05,0.355,-0.137,-0.462,0.030
2016-09-06,0.544,-0.183,-0.451,0.017
2016-09-07,0.629,-0.163,-0.427,0.047
2016-09-08,0.716,-0.154,-0.393,0.120
2016-09-09,0.825,-0.196,-0.421,0.166
2016-09-10,0.805,-0.273,-0.474,0.181
2016-09-11,0.637,-0.318,-0.536,0.148
2016-09-12,0.587,-0.271,-0.530,0.064
2016-09-13,0.601,-0.183,-0.499,-0.029
2016-09-14,0.696,-0.135,-0.482,-0.080
2016-09-15,0.798,-0.183,-0.506,-0.133
2016-09-16,0.672,-0.205,-0.560,-0.156
2016-09-17,0.704,-0.176,-0.544,-0.161
2016-09-18,0.804,-0.130,-0.477,-0.081
2016-09-19,0.964,-0.097,-0.406,-0.046
2016-09-20,1.039,-0.045,-0.329,-0.012
2016-09-21,0.929,0.034,-0.247,0.004
2016-09-22,0.872,0.116,-0.178,0.089
2016-09-23,0.813,0.156,-0.193,0.108
2016-09-24,0.699,0.162,-0.243,0.054
2016-09-25,0.618,0.130,-0.303,-0.026
2016-09-26,0.573,0.113,-0.349,-0.073
2016-09-27,0.632,0.117,-0.399,-0.135
2016-09-28,0.607,0.087,-0.428,-0.204
2016-09-29,0.583,0.008,-0.464,-0.238
2016-09-30,0.601,-0.112,-0.517,-0.286
2016-10-01,0.579,-0.240,-0.611,-0.353
2016-10-02,0.514,-0.347,-0.671,-0.364
2016-10-03,0.387,-0.442,-0.739,-0.367
2016-10-04,0.194,-0.521,-0.808,-0.410
2016-10-05,0.161,-0.582,-0.814,-0.401
2016-10-06,0.116,-0.580,-0.807,-0.389
2016-10-07,0.141,-0.510,-0.786,-0.395
2016-10-08,0.421,-0.372,-0.716,-0.364
2016-10-09,0.783,-0.224,-0.631,-0.326
2016-10-10,0.975,-0.156,-0.566,-0.276
2016-10-11,1.124,-0.145,-0.514,-0.226
2016-10-12,1.110,-0.113,-0.448,-0.168
2016-10-13,0.966,-0.145,-0.449,-0.064
2016-10-14,0.817,-0.254,-0.504,0.003
2016-10-15,0.653,-0.454,-0.611,-0.027
2016-10-16,0.465,-0.569,-0.672,-0.069
2016-10-17,0.252,-0.640,-0.688,-0.134
2016-10-18,0.110,-0.668,-0.687,-0.168
2016-10-19,0.055,-0.628,-0.706,-0.163
2016-10-20,0.111,-0.568,-0.689,-0.132
2016-10-21,0.172,-0.459,-0.609,-0.070
2016-10-22,0.203,-0.353,-0.554,-0.027
2016-10-23,0.281,-0.291,-0.490,-0.028
2016-10-24,0.359,-0.320,-0.484,-0.035
2016-10-25,0.588,-0.373,-0.530,-0.091
2016-10-26,0.590,-0.429,-0.557,-0.178
2016-10-27,0.541,-0.486,-0.602,-0.231
2016-10-28,0.482,-0.580,-0.643,-0.197
2016-10-29,0.370,-0.625,-0.668,-0.154
2016-10-30,0.389,-0.628,-0.704,-0.180
2016-10-31,0.356,-0.637,-0.735,-0.204
2016-11-01,0.401,-0.590,-0.699,-0.271
2016-11-02,0.357,-0.539,-0.607,-0.303
2016-11-03,0.312,-0.513,-0.522,-0.247
2016-11-04,0.343,-0.531,-0.502,-0.219
2016-11-05,0.373,-0.519,-0.497,-0.198
2016-11-06,0.461,-0.523,-0.540,-0.181
2016-11-07,0.495,-0.532,-0.534,-0.176
2016-11-08,0.502,-0.551,-0.518,-0.199
2016-11-09,0.562,-0.553,-0.516,-0.136
2016-11-10,0.571,-0.496,-0.477,-0.091
2016-11-11,0.412,-0.471,-0.485,-0.050
2016-11-12,0.320,-0.431,-0.482,-0.104
2016-11-13,0.315,-0.408,-0.465,-0.151
2016-11-14,0.310,-0.355,-0.442,-0.217
2016-11-15,0.181,-0.357,-0.436,-0.182
2016-11-16,0.038,-0.344,-0.417,-0.119
2016-11-17,-0.080,-0.356,-0.397,-0.140
2016-11-18,-0.193,-0.332,-0.396,-0.170
2016-11-19,-0.318,-0.342,-0.420,-0.174
2016-11-20,-0.203,-0.378,-0.453,-0.147
2016-11-21,-0.102,-0.375,-0.446,-0.122
2016-11-22,0.060,-0.318,-0.400,-0.098
2016-11-23,0.283,-0.265,-0.383,-0.100
2016-11-24,0.399,-0.271,-0.369,-0.120
2016-11-25,0.449,-0.330,-0.387,-0.152
2016-11-26,0.346,-0.334,-0.379,-0.183
2016-11-27,0.252,-0.319,-0.372,-0.194
2016-11-28,0.093,-0.366,-0.387,-0.204
2016-11-29,0.038,-0.360,-0.383,-0.174
2016-11-30,0.010,-0.332,-0.293,-0.042
2016-12-01,0.006,-0.330,-0.194,0.132
2016-12-02,0.042,-0.346,-0.182,0.236
2016-12-03,0.016,-0.374,-0.222,0.247
2016-12-04,0.012,-0.308,-0.208,0.260
2016-12-05,0.130,-0.257,-0.186,0.295
2016-12-06,0.251,-0.270,-0.202,0.284
2016-12-07,0.214,-0.294,-0.218,0.236
2016-12-08,0.216,-0.331,-0.256,0.127
2016-12-09,0.355,-0.414,-0.338,0.069
2016-12-10,0.471,-0.477,-0.400,0.103
2016-12-11,0.468,-0.425,-0.422,0.002
2016-12-12,0.462,-0.353,-0.398,-0.036
2016-12-13,0.494,-0.309,-0.363,-0.005
2016-12-14,0.497,-0.263,-0.324,-0.062
2016-12-15,0.488,-0.259,-0.317,-0.037
2016-12-16,0.667,-0.303,-0.340,0.022
2016-12-17,0.628,-0.346,-0.367,0.048
2016-12-18,0.521,-0.348,-0.385,0.034
2016-12-19,0.489,-0.358,-0.435,-0.080
2016-12-20,0.460,-0.331,-0.464,-0.205
2016-12-21,0.405,-0.231,-0.415,-0.211
2016-12-22,0.409,-0.143,-0.346,-0.149
2016-12-23,0.450,-0.105,-0.277,-0.069
2016-12-24,0.528,-0.057,-0.220,-0.028
2016-12-25,0.545,-0.021,-0.150,0.008
2016-12-26,0.564,-0.052,-0.123,0.059
2016-12-27,0.532,-0.114,-0.141,0.077
2016-12-28,0.458,-0.171,-0.146,0.180
2016-12-29,0.393,-0.262,-0.156,0.247
2016-12-30,0.349,-0.354,-0.225,0.231
2016-12-31,0.309,-0.372,-0.286,0.188
2022-01-01,-1.100,-1.445,-1.071,-0.227
2022-01-02,-1.004,-1.408,-1.062,-0.280
2022-01-03,-0.918,-1.364,-1.050,-0.284
2022-01-04,-0.879,-1.337,-1.042,-0.281
2022-01-05,-0.836,-1.338,-1.052,-0.289
2022-01-06,-0.761,-1.325,-1.035,-0.305
2022-01-07,-0.563,-1.289,-0.999,-0.308
2022-01-08,-0.344,-1.232,-0.960,-0.319
2022-01-09,-0.191,-1.191,-0.934,-0.279
2022-01-10,-0.148,-1.157,-0.925,-0.225
2022-01-11,-0.231,-1.127,-0.925,-0.204
2022-01-12,-0.323,-1.098,-0.886,-0.153
2022-01-13,-0.393,-1.098,-0.833,-0.102
2022-01-14,-0.456,-1.130,-0.801,-0.085
2022-01-15,-0.503,-1.188,-0.794,-0.077
2022-01-16,-0.544,-1.243,-0.801,-0.052
2022-01-17,-0.596,-1.306,-0.831,-0.064
2022-01-18,-0.527,-1.351,-0.893,-0.128
2022-01-19,-0.417,-1.405,-0.946,-0.178
2022-01-20,-0.422,-1.425,-0.960,-0.199
2022-01-21,-0.388,-1.418,-0.950,-0.179
2022-01-22,-0.430,-1.409,-0.918,-0.146
2022-01-23,-0.489,-1.376,-0.863,-0.111
2022-01-24,-0.535,-1.321,-0.797,-0.079
2022-01-25,-0.596,-1.268,-0.750,-0.037
2022-01-26,-0.606,-1.239,-0.733,-0.017
2022-01-27,-0.714,-1.219,-0.768,-0.045
2022-01-28,-0.830,-1.191,-0.793,-0.105
2022-01-29,-0.932,-1.161,-0.788,-0.155
2022-01-30,-1.013,-1.143,-0.765,-0.200
2022-01-31,-1.035,-1.111,-0.745,-0.242
2022-02-01,-0.990,-1.094,-0.739,-0.241
2022-02-02,-1.020,-1.116,-0.740,-0.219
2022-02-03,-1.120,-1.144,-0.727,-0.184
2022-02-04,-1.162,-1.170,-0.723,-0.159
2022-02-05,-1.172,-1.180,-0.736,-0.132
2022-02-06,-1.230,-1.190,-0.735,-0.100
2022-02-07,-1.310,-1.205,-0.720,-0.083
2022-02-08,-1.392,-1.206,-0.683,-0.065
2022-02-09,-1.345,-1.200,-0.671,-0.061
2022-02-10,-1.302,-1.216,-0.705,-0.058
2022-02-11,-1.319,-1.209,-0.743,-0.083
2022-02-12,-1.325,-1.173,-0.753,-0.138
2022-02-13,-1.295,-1.141,-0.751,-0.169
2022-02-14,-1.299,-1.108,-0.750,-0.149
2022-02-15,-1.274,-1.087,-0.747,-0.123
2022-02-16,-1.283,-1.033,-0.746,-0.149
2022-02-17,-1.337,-0.974,-0.740,-0.194
2022-02-18,-1.390,-0.961,-0.751,-0.248
2022-02-19,-1.407,-0.983,-0.767,-0.276
2022-02-20,-1.365,-1.107,-0.851,-0.216
2022-02-21,-1.379,-1.131,-0.867,-0.226
2022-02-22,-1.363,-1.161,-0.887,-0.252
2022-02-23,-1.245,-1.169,-0.896,-0.268
2022-02-24,-1.116,-1.175,-0.904,-0.307
2022-02-25,-0.915,-1.154,-0.901,-0.336
2022-02-26,-0.842,-1.157,-0.917,-0.380
2022-02-27,-0.852,-1.177,-0.957,-0.425
2022-02-28,-0.887,-1.159,-0.999,-0.455
2022-03-01,-0.806,-1.128,-1.041,-0.486
2022-03-02,-0.758,-1.094,-1.086,-0.520
2022-03-03,-0.765,-1.059,-1.092,-0.526
2022-03-04,-0.706,-1.012,-1.080,-0.548
2022-03-05,-0.683,-0.956,-1.057,-0.560
2022-03-06,-0.632,-0.899,-1.023,-0.562
2022-03-07,-0.573,-0.811,-0.965,-0.570
2022-03-08,-0.418,-0.748,-0.921,-0.565
2022-03-09,-0.224,-0.705,-0.894,-0.564
2022-03-10,-0.107,-0.700,-0.892,-0.547
2022-03-11,0.009,-0.717,-0.910,-0.547
2022-03-12,0.053,-0.718,-0.948,-0.596
2022-03-13,0.080,-0.674,-0.949,-0.648
2022-03-14,0.173,-0.623,-0.947,-0.665
2022-03-15,0.212,-0.604,-0.936,-0.651
2022-03-16,0.150,-0.598,-0.928,-0.651
2022-03-17,0.173,-0.548,-0.905,-0.681
2022-03-18,0.125,-0.500,-0.886,-0.702
2022-03-19,0.065,-0.450,-0.870,-0.723
2022-03-20,-0.037,-0.408,-0.873,-0.753
2022-03-21,-0.104,-0.350,-0.850,-0.768
2022-03-22,-0.166,-0.337,-0.838,-0.753
2022-03-23,-0.301,-0.310,-0.808,-0.746
2022-03-24,-0.430,-0.271,-0.761,-0.743
2022-03-25,-0.500,-0.274,-0.712,-0.703
2022-03-26,-0.518,-0.308,-0.686,-0.632
2022-03-27,-0.520,-0.310,-0.670,-0.581
2022-03-28,-0.461,-0.304,-0.680,-0.542
2022-03-29,-0.448,-0.315,-0.698,-0.521
2022-03-30,-0.416,-0.291,-0.693,-0.524
2022-03-31,-0.422,-0.284,-0.685,-0.544
2022-04-01,-0.484,-0.277,-0.662,-0.597
2022-04-02,-0.540,-0.288,-0.682,-0.646
2022-04-03,-0.631,-0.293,-0.696,-0.662
2022-04-04,-0.708,-0.326,-0.734,-0.661
2022-04-05,-0.749,-0.376,-0.769,-0.676
2022-04-06,-0.786,-0.425,-0.794,-0.713
2022-04-07,-0.779,-0.479,-0.812,-0.775
2022-04-08,-0.757,-0.531,-0.811,-0.809
2022-04-09,-0.759,-0.567,-0.816,-0.835
2022-04-10,-0.789,-0.618,-0.829,-0.800
2022-04-11,-0.826,-0.657,-0.841,-0.734
2022-04-12,-0.866,-0.701,-0.850,-0.685
2022-04-13,-1.007,-0.732,-0.837,-0.652
2022-04-14,-1.180,-0.732,-0.824,-0.642
2022-04-15,-1.290,-0.749,-0.827,-0.616
2022-04-16,-1.343,-0.759,-0.836,-0.588
2022-04-17,-1.521,-0.773,-0.825,-0.542
2022-04-18,-1.668,-0.754,-0.795,-0.519
2022-04-19,-1.677,-0.747,-0.808,-0.554
2022-04-20,-1.633,-0.781,-0.837,-0.585
2022-04-21,-1.589,-0.799,-0.847,-0.620
2022-04-22,-1.609,-0.813,-0.865,-0.684
2022-04-23,-1.697,-0.845,-0.900,-0.753
2022-04-24,-1.771,-0.899,-0.940,-0.807
2022-04-25,-1.631,-0.934,-0.975,-0.873
2022-04-26,-1.457,-0.948,-0.991,-0.913
2022-04-27,-1.324,-0.967,-1.008,-0.945
2022-04-28,-1.234,-0.986,-1.020,-0.978
2022-04-29,-1.183,-0.978,-1.028,-1.001
2022-04-30,-1.138,-0.939,-1.027,-1.006
2022-05-01,-1.152,-0.940,-1.039,-1.004
2022-05-02,-1.223,-0.933,-1.049,-0.978
2022-05-03,-1.251,-0.861,-1.031,-0.943
2022-05-04,-1.186,-0.787,-1.022,-0.928
2022-05-05,-1.066,-0.739,-1.015,-0.935
2022-05-06,-1.007,-0.718,-1.001,-0.938
2022-05-07,-1.089,-0.726,-1.003,-0.933
2022-05-08,-1.188,-0.743,-1.003,-0.908
2022-05-09,-1.306,-0.744,-0.994,-0.885
2022-05-10,-1.384,-0.777,-0.996,-0.871
2022-05-11,-1.419,-0.852,-1.021,-0.879
2022-05-12,-1.451,-0.913,-1.059,-0.908
2022-05-13,-1.419,-0.950,-1.080,-0.890
2022-05-14,-1.413,-0.996,-1.089,-0.816
2022-05-15,-1.372,-1.001,-1.054,-0.704
2022-05-16,-1.275,-0.951,-1.010,-0.619
2022-05-17,-1.106,-0.871,-0.965,-0.572
2022-05-18,-0.918,-0.792,-0.939,-0.570
2022-05-19,-0.766,-0.743,-0.919,-0.577
2022-05-20,-0.729,-0.707,-0.905,-0.599
2022-05-21,-0.770,-0.698,-0.881,-0.596
2022-05-22,-0.778,-0.698,-0.850,-0.602
2022-05-23,-0.732,-0.679,-0.823,-0.598
2022-05-24,-0.644,-0.642,-0.803,-0.594
2022-05-25,-0.630,-0.630,-0.797,-0.583
2022-05-26,-0.567,-0.653,-0.815,-0.568
2022-05-27,-0.454,-0.680,-0.848,-0.563
2022-05-28,-0.413,-0.686,-0.870,-0.559
2022-05-29,-0.483,-0.691,-0.861,-0.522
2022-05-30,-0.568,-0.672,-0.828,-0.508
2022-05-31,-0.580,-0.655,-0.787,-0.498
2022-06-01,-0.605,-0.641,-0.747,-0.483
2022-06-02,-0.701,-0.618,-0.711,-0.449
2022-06-03,-0.864,-0.596,-0.682,-0.357
2022-06-04,-0.936,-0.570,-0.639,-0.271
2022-06-05,-0.981,-0.528,-0.577,-0.238
2022-06-06,-1.096,-0.491,-0.536,-0.264
2022-06-07,-1.256,-0.490,-0.521,-0.331
2022-06-08,-1.335,-0.482,-0.522,-0.400
2022-06-09,-1.287,-0.475,-0.517,-0.426
2022-06-10,-1.216,-0.482,-0.507,-0.419
2022-06-11,-1.114,-0.475,-0.497,-0.380
2022-06-12,-1.060,-0.445,-0.500,-0.338
2022-06-13,-1.048,-0.413,-0.503,-0.314
2022-06-14,-1.130,-0.396,-0.496,-0.312
2022-06-15,-1.196,-0.385,-0.481,-0.296
2022-06-16,-1.373,-0.364,-0.441,-0.295
2022-06-17,-1.564,-0.354,-0.418,-0.315
2022-06-18,-1.598,-0.351,-0.426,-0.363
2022-06-19,-1.533,-0.342,-0.434,-0.383
2022-06-20,-1.541,-0.326,-0.431,-0.394
2022-06-21,-1.594,-0.337,-0.428,-0.407
2022-06-22,-1.575,-0.366,-0.423,-0.402
2022-06-23,-1.488,-0.382,-0.413,-0.385
2022-06-24,-1.351,-0.379,-0.384,-0.362
2022-06-25,-1.279,-0.344,-0.340,-0.357
2022-06-26,-1.287,-0.312,-0.325,-0.378
2022-06-27,-1.297,-0.290,-0.326,-0.411
2022-06-28,-1.356,-0.264,-0.336,-0.457
2022-06-29,-1.362,-0.250,-0.351,-0.510
2022-06-30,-1.273,-0.232,-0.343,-0.525
2022-07-01,-1.231,-0.206,-0.334,-0.528
2022-07-02,-1.139,-0.179,-0.309,-0.519
2022-07-03,-1.063,-0.174,-0.291,-0.534
2022-07-04,-1.062,-0.183,-0.297,-0.560
2022-07-05,-1.064,-0.178,-0.325,-0.603
2022-07-06,-1.104,-0.165,-0.342,-0.643
2022-07-07,-1.140,-0.169,-0.364,-0.673
2022-07-08,-1.164,-0.190,-0.389,-0.679
2022-07-09,-1.147,-0.191,-0.403,-0.679
2022-07-10,-1.051,-0.174,-0.415,-0.685
2022-07-11,-1.016,-0.135,-0.416,-0.697
2022-07-12,-1.040,-0.062,-0.403,-0.716
2022-07-13,-1.065,-0.016,-0.383,-0.731
2022-07-14,-1.136,-0.029,-0.401,-0.754
2022-07-15,-1.163,-0.075,-0.450,-0.800
2022-07-16,-1.190,-0.121,-0.493,-0.849
2022-07-17,-1.270,-0.172,-0.519,-0.846
2022-07-18,-1.296,-0.218,-0.515,-0.783
2022-07-19,-1.282,-0.225,-0.509,-0.766
2022-07-20,-1.210,-0.213,-0.505,-0.766
2022-07-21,-1.109,-0.217,-0.508,-0.768
2022-07-22,-1.084,-0.240,-0.520,-0.741
2022-07-23,-1.134,-0.267,-0.552,-0.719
2022-07-24,-1.137,-0.279,-0.577,-0.703
2022-07-25,-1.113,-0.280,-0.598,-0.697
2022-07-26,-0.985,-0.261,-0.608,-0.699
2022-07-27,-0.901,-0.273,-0.629,-0.713
2022-07-28,-0.846,-0.298,-0.688,-0.742
2022-07-29,-0.709,-0.299,-0.742,-0.775
2022-07-30,-0.634,-0.285,-0.785,-0.807
2022-07-31,-0.605,-0.292,-0.827,-0.848
2022-08-01,-0.545,-0.334,-0.856,-0.897
2022-08-02,-0.478,-0.388,-0.886,-0.911
2022-08-03,-0.435,-0.427,-0.914,-0.902
2022-08-04,-0.444,-0.487,-0.947,-0.897
2022-08-05,-0.523,-0.507,-0.964,-0.870
2022-08-06,-0.450,-0.518,-0.984,-0.855
2022-08-07,-0.436,-0.513,-0.983,-0.839
2022-08-08,-0.477,-0.475,-0.958,-0.812
2022-08-09,-0.525,-0.426,-0.918,-0.785
2022-08-10,-0.524,-0.404,-0.898,-0.763
2022-08-11,-0.388,-0.409,-0.912,-0.747
2022-08-12,-0.343,-0.452,-0.952,-0.736
2022-08-13,-0.305,-0.510,-0.986,-0.735
2022-08-14,-0.337,-0.564,-1.014,-0.759
2022-08-15,-0.366,-0.601,-1.042,-0.807
2022-08-16,-0.371,-0.590,-1.059,-0.836
2022-08-17,-0.387,-0.588,-1.048,-0.807
2022-08-18,-0.447,-0.591,-1.031,-0.763
2022-08-19,-0.531,-0.601,-1.019,-0.689
2022-08-20,-0.580,-0.561,-0.985,-0.636
2022-08-21,-0.565,-0.497,-0.919,-0.602
2022-08-22,-0.635,-0.424,-0.848,-0.635
2022-08-23,-0.634,-0.332,-0.788,-0.675
2022-08-24,-0.592,-0.235,-0.714,-0.715
2022-08-25,-0.523,-0.183,-0.664,-0.741
2022-08-26,-0.465,-0.213,-0.676,-0.758
2022-08-27,-0.310,-0.234,-0.695,-0.770
2022-08-28,-0.231,-0.242,-0.708,-0.785
2022-08-29,-0.087,-0.291,-0.756,-0.809
2022-08-30,-0.130,-0.367,-0.811,-0.835
2022-08-31,-0.179,-0.457,-0.862,-0.882
2022-09-01,-0.312,-0.545,-0.902,-0.921
2022-09-02,-0.457,-0.622,-0.931,-0.927
2022-09-03,-0.557,-0.669,-0.946,-0.910
2022-09-04,-0.589,-0.671,-0.940,-0.888
2022-09-05,-0.546,-0.644,-0.934,-0.887
2022-09-06,-0.380,-0.654,-0.935,-0.922
2022-09-07,-0.264,-0.666,-0.968,-0.956
2022-09-08,-0.231,-0.691,-0.996,-0.959
2022-09-09,-0.249,-0.712,-1.012,-0.935
2022-09-10,-0.379,-0.754,-1.004,-0.867
2022-09-11,-0.545,-0.829,-0.980,-0.781
2022-09-12,-0.696,-0.902,-0.957,-0.748
2022-09-13,-0.940,-0.968,-0.940,-0.727
2022-09-14,-1.049,-0.995,-0.929,-0.722
2022-09-15,-1.104,-0.974,-0.922,-0.736
2022-09-16,-1.061,-0.890,-0.918,-0.756
2022-09-17,-0.935,-0.776,-0.904,-0.781
2022-09-18,-0.826,-0.716,-0.872,-0.803
2022-09-19,-0.880,-0.689,-0.839,-0.824
2022-09-20,-0.959,-0.678,-0.821,-0.841
2022-09-21,-0.963,-0.671,-0.825,-0.860
2022-09-22,-1.023,-0.711,-0.834,-0.880
2022-09-23,-1.122,-0.800,-0.835,-0.868
2022-09-24,-1.314,-0.901,-0.814,-0.841
2022-09-25,-1.577,-0.961,-0.795,-0.832
2022-09-26,-1.627,-0.965,-0.772,-0.836
2022-09-27,-1.724,-0.959,-0.771,-0.855
2022-09-28,-1.876,-0.929,-0.781,-0.888
2022-09-29,-1.985,-0.934,-0.782,-0.929
2022-09-30,-1.980,-0.949,-0.777,-0.951
2022-10-01,-2.011,-0.919,-0.777,-0.988
2022-10-02,-1.998,-0.912,-0.758,-1.000
2022-10-03,-2.003,-0.958,-0.749,-0.995
2022-10-04,-2.007,-1.003,-0.739,-0.987
2022-10-05,-1.941,-0.976,-0.709,-0.980
2022-10-06,-1.879,-0.922,-0.671,-0.972
2022-10-07,-1.956,-0.920,-0.652,-0.949
2022-10-08,-1.881,-0.888,-0.644,-0.910
2022-10-09,-1.873,-0.826,-0.638,-0.860
2022-10-10,-1.986,-0.814,-0.640,-0.821
2022-10-11,-1.988,-0.831,-0.657,-0.791
2022-10-12,-2.084,-0.831,-0.682,-0.801
2022-10-13,-2.120,-0.815,-0.720,-0.826
2022-10-14,-2.051,-0.796,-0.760,-0.842
2022-10-15,-1.976,-0.768,-0.784,-0.872
2022-10-16,-1.795,-0.743,-0.773,-0.883
2022-10-17,-1.579,-0.725,-0.741,-0.878
2022-10-18,-1.430,-0.712,-0.702,-0.867
2022-10-19,-1.392,-0.691,-0.661,-0.848
2022-10-20,-1.417,-0.666,-0.636,-0.832
2022-10-21,-1.518,-0.652,-0.642,-0.819
2022-10-22,-1.579,-0.640,-0.664,-0.814
2022-10-23,-1.676,-0.636,-0.679,-0.806
2022-10-24,-1.744,-0.691,-0.712,-0.781
2022-10-25,-1.664,-0.779,-0.752,-0.747
2022-10-26,-1.595,-0.845,-0.805,-0.746
2022-10-27,-1.601,-0.889,-0.853,-0.796
2022-10-28,-1.688,-0.907,-0.877,-0.851
2022-10-29,-1.717,-0.938,-0.892,-0.900
2022-10-30,-1.697,-0.970,-0.917,-0.908
2022-10-31,-1.731,-0.976,-0.938,-0.894
2022-11-01,-1.761,-0.984,-0.933,-0.858
2022-11-02,-1.652,-0.949,-0.891,-0.812
2022-11-03,-1.534,-0.899,-0.830,-0.739
2022-11-04,-1.403,-0.843,-0.779,-0.661
2022-11-05,-1.387,-0.818,-0.743,-0.576
2022-11-06,-1.470,-0.809,-0.736,-0.528
2022-11-07,-1.532,-0.807,-0.725,-0.495
2022-11-08,-1.506,-0.801,-0.707,-0.489
2022-11-09,-1.436,-0.741,-0.679,-0.486
2022-11-10,-1.408,-0.694,-0.636,-0.519
2022-11-11,-1.328,-0.634,-0.606,-0.579
2022-11-12,-1.035,-0.582,-0.602,-0.634
2022-11-13,-0.800,-0.571,-0.608,-0.636
2022-11-14,-0.649,-0.609,-0.639,-0.613
2022-11-15,-0.647,-0.674,-0.685,-0.625
2022-11-16,-0.707,-0.738,-0.719,-0.666
2022-11-17,-1.010,-0.784,-0.737,-0.703
2022-11-18,-1.285,-0.827,-0.750,-0.733
2022-11-19,-1.620,-0.864,-0.746,-0.748
2022-11-20,-1.819,-0.893,-0.735,-0.753
2022-11-21,-1.826,-0.900,-0.745,-0.762
2022-11-22,-1.714,-0.869,-0.762,-0.768
2022-11-23,-1.607,-0.826,-0.767,-0.736
2022-11-24,-1.447,-0.784,-0.751,-0.660
2022-11-25,-1.392,-0.721,-0.715,-0.623
2022-11-26,-1.158,-0.676,-0.694,-0.610
2022-11-27,-0.904,-0.663,-0.689,-0.612
2022-11-28,-0.780,-0.684,-0.704,-0.606
2022-11-29,-0.645,-0.735,-0.737,-0.599
2022-11-30,-0.585,-0.807,-0.781,-0.605
2022-12-01,-0.572,-0.913,-0.823,-0.601
2022-12-02,-0.581,-1.003,-0.856,-0.604
2022-12-03,-0.575,-1.030,-0.881,-0.620
2022-12-04,-0.560,-1.053,-0.900,-0.621
2022-12-05,-0.527,-1.063,-0.905,-0.619
2022-12-06,-0.535,-1.032,-0.887,-0.598
2022-12-07,-0.492,-0.993,-0.873,-0.559
2022-12-08,-0.438,-0.965,-0.855,-0.550
2022-12-09,-0.439,-0.916,-0.835,-0.577
2022-12-10,-0.390,-0.863,-0.802,-0.592
2022-12-11,-0.362,-0.820,-0.781,-0.583
2022-12-12,-0.318,-0.807,-0.772,-0.548
2022-12-13,-0.248,-0.810,-0.771,-0.520
2022-12-14,-0.153,-0.788,-0.767,-0.485
2022-12-15,-0.088,-0.777,-0.761,-0.441
2022-12-16,-0.083,-0.764,-0.755,-0.457
2022-12-17,-0.056,-0.767,-0.766,-0.487
2022-12-18,-0.005,-0.731,-0.780,-0.532
2022-12-19,-0.060,-0.691,-0.768,-0.561
2022-12-20,-0.160,-0.657,-0.740,-0.578
2022-12-21,-0.209,-0.636,-0.720,-0.609
2022-12-22,-0.219,-0.600,-0.697,-0.652
2022-12-23,-0.204,-0.530,-0.661,-0.661
2022-12-24,-0.212,-0.477,-0.626,-0.652
2022-12-25,-0.266,-0.470,-0.608,-0.648
2022-12-26,-0.303,-0.486,-0.614,-0.658
2022-12-27,-0.370,-0.510,-0.648,-0.676
2022-12-28,-0.422,-0.545,-0.675,-0.702
2022-12-29,-0.467,-0.575,-0.705,-0.725
2022-12-30,-0.548,-0.593,-0.720,-0.706
2022-12-31,-0.676,-0.662,-0.737,-0.675
2023-01-01,-0.723,-0.694,-0.757,-0.651
2023-01-02,-0.730,-0.699,-0.781,-0.637
2023-01-03,-0.731,-0.691,-0.797,-0.627
2023-01-04,-0.784,-0.705,-0.805,-0.598
2023-01-05,-0.851,-0.714,-0.832,-0.595
2023-01-06,-0.838,-0.705,-0.825,-0.579
2023-01-07,-0.724,-0.698,-0.824,-0.567
2023-01-08,-0.606,-0.675,-0.815,-0.561
2023-01-09,-0.429,-0.643,-0.797,-0.547
2023-01-10,-0.156,-0.617,-0.779,-0.554
2023-01-11,-0.040,-0.600,-0.756,-0.555
2023-01-12,-0.032,-0.567,-0.722,-0.545
2023-01-13,-0.076,-0.524,-0.686,-0.511
2023-01-14,-0.142,-0.497,-0.668,-0.502
2023-01-15,-0.219,-0.476,-0.671,-0.496
2023-01-16,-0.296,-0.467,-0.692,-0.483
2023-01-17,-0.306,-0.484,-0.722,-0.492
2023-01-18,-0.296,-0.485,-0.736,-0.525
2023-01-19,-0.317,-0.483,-0.757,-0.552
2023-01-20,-0.264,-0.508,-0.783,-0.605
2023-01-21,-0.211,-0.544,-0.805,-0.643
2023-01-22,-0.162,-0.565,-0.802,-0.661
2023-01-23,-0.125,-0.567,-0.794,-0.659
2023-01-24,-0.118,-0.561,-0.774,-0.618
2023-01-25,-0.095,-0.548,-0.747,-0.593
2023-01-26,-0.042,-0.513,-0.703,-0.566
2023-01-27,-0.017,-0.478,-0.658,-0.521
2023-01-28,-0.016,-0.462,-0.636,-0.499
2023-01-29,0.025,-0.433,-0.614,-0.493
2023-01-30,0.102,-0.409,-0.591,-0.498
2023-01-31,0.267,-0.418,-0.585,-0.495
2023-02-01,0.441,-0.442,-0.606,-0.479
2023-02-02,0.600,-0.445,-0.637,-0.473
2023-02-03,0.743,-0.419,-0.652,-0.485
2023-02-04,0.845,-0.381,-0.644,-0.489
2023-02-05,0.929,-0.335,-0.633,-0.505
2023-02-06,0.979,-0.266,-0.609,-0.528
2023-02-07,1.033,-0.216,-0.618,-0.562
2023-02-08,1.086,-0.203,-0.656,-0.615
2023-02-09,1.130,-0.201,-0.693,-0.660
2023-02-10,1.121,-0.200,-0.702,-0.700
2023-02-11,1.100,-0.197,-0.681,-0.721
2023-02-12,1.016,-0.189,-0.648,-0.688
2023-02-13,1.010,-0.196,-0.628,-0.668
2023-02-14,0.977,-0.210,-0.613,-0.633
2023-02-15,0.951,-0.232,-0.612,-0.607
2023-02-16,1.015,-0.245,-0.613,-0.594
2023-02-17,1.134,-0.201,-0.597,-0.572
2023-02-18,1.227,-0.090,-0.528,-0.545
2023-02-19,1.251,0.008,-0.419,-0.522
2023-02-20,1.214,0.107,-0.333,-0.498
2023-02-21,1.139,0.156,-0.309,-0.468
2023-02-22,1.139,0.153,-0.331,-0.417
2023-02-23,1.220,0.129,-0.358,-0.449
2023-02-24,1.318,0.081,-0.362,-0.436
2023-02-25,1.379,0.030,-0.356,-0.403
2023-02-26,1.409,0.021,-0.374,-0.370
2023-02-27,1.405,-0.004,-0.387,-0.357
2023-02-28,1.432,-0.013,-0.397,-0.359
2023-03-01,1.443,0.009,-0.402,-0.384
2023-03-02,1.439,0.069,-0.381,-0.399
2023-03-03,1.470,0.179,-0.338,-0.414
2023-03-04,1.498,0.294,-0.265,-0.392
2023-03-05,1.608,0.366,-0.205,-0.340
2023-03-06,1.687,0.395,-0.148,-0.243
2023-03-07,1.617,0.399,-0.117,-0.175
2023-03-08,1.588,0.376,-0.104,-0.147
2023-03-09,1.552,0.384,-0.082,-0.119
2023-03-10,1.346,0.422,-0.033,-0.065
2023-03-11,1.101,0.515,0.041,-0.031
2023-03-12,1.158,0.627,0.115,-0.017
2023-03-13,1.251,0.723,0.188,-0.033
2023-03-14,1.360,0.765,0.214,-0.062
2023-03-15,1.531,0.795,0.214,-0.088
2023-03-16,1.735,0.790,0.192,-0.083
2023-03-17,1.845,0.705,0.163,-0.048
2023-03-18,1.949,0.623,0.119,0.006
2023-03-19,2.006,0.555,0.081,0.043
2023-03-20,2.008,0.483,0.051,0.072
2023-03-21,1.998,0.452,0.044,0.065
2023-03-22,2.019,0.450,0.038,0.031
2023-03-23,2.076,0.473,0.026,0.005
2023-03-24,2.144,0.506,0.023,0.012
2023-03-25,2.205,0.489,0.032,0.052
2023-03-26,2.250,0.459,0.065,0.103
2023-03-27,2.283,0.429,0.100,0.152
2023-03-28,2.335,0.393,0.107,0.184
2023-03-29,2.407,0.384,0.103,0.204
2023-03-30,2.504,0.384,0.109,0.225
2023-03-31,2.554,0.352,0.095,0.259
2023-04-01,2.626,0.307,0.106,0.336
2023-04-02,2.729,0.281,0.122,0.375
2023-04-03,2.810,0.295,0.131,0.390
2023-04-04,2.863,0.343,0.150,0.364
2023-04-05,2.875,0.374,0.152,0.316
2023-04-06,2.853,0.387,0.128,0.251
2023-04-07,2.904,0.442,0.114,0.187
2023-04-08,2.987,0.502,0.104,0.124
2023-04-09,3.064,0.573,0.120,0.100
2023-04-10,3.096,0.609,0.154,0.218
2023-04-11,3.061,0.622,0.227,0.349
2023-04-12,3.004,0.624,0.289,0.418
2023-04-13,2.956,0.619,0.330,0.421
2023-04-14,2.920,0.607,0.320,0.415
2023-04-15,2.925,0.608,0.291,0.382
2023-04-16,2.817,0.619,0.277,0.349
2023-04-17,2.636,0.644,0.297,0.374
2023-04-18,2.543,0.704,0.352,0.420
2023-04-19,2.488,0.765,0.430,0.461
2023-04-20,2.480,0.793,0.477,0.490
2023-04-21,2.533,0.816,0.509,0.523
2023-04-22,2.596,0.820,0.518,0.551
2023-04-23,2.710,0.833,0.538,0.552
2023-04-24,2.558,0.829,0.549,0.525
2023-04-25,2.596,0.844,0.545,0.506
2023-04-26,2.715,0.877,0.551,0.507
2023-04-27,2.804,0.902,0.556,0.498
2023-04-28,2.867,0.906,0.538,0.463
2023-04-29,2.939,0.912,0.516,0.422
2023-04-30,3.066,0.917,0.487,0.392
2023-05-01,3.156,0.933,0.488,0.369
2023-05-02,3.139,0.970,0.498,0.359
2023-05-03,3.026,1.017,0.495,0.330
2023-05-04,2.878,1.046,0.498,0.328
2023-05-05,2.770,1.051,0.486,0.324
2023-05-06,2.633,1.060,0.493,0.332
2023-05-07,2.500,1.062,0.513,0.339
2023-05-08,2.389,1.066,0.541,0.337
2023-05-09,2.282,1.055,0.557,0.361
2023-05-10,2.195,1.061,0.582,0.400
2023-05-11,2.162,1.068,0.596,0.410
2023-05-12,2.199,1.078,0.604,0.404
2023-05-13,2.205,1.094,0.617,0.400
2023-05-14,2.215,1.085,0.594,0.407
2023-05-15,2.174,1.058,0.564,0.440
2023-05-16,2.098,1.036,0.567,0.512
2023-05-17,1.990,1.004,0.575,0.534
2023-05-18,1.921,0.976,0.596,0.565
2023-05-19,1.918,0.964,0.598,0.537
2023-05-20,1.952,0.963,0.588,0.515
2023-05-21,1.942,0.952,0.547,0.482
2023-05-22,1.974,0.944,0.522,0.471
2023-05-23,2.023,0.942,0.500,0.461
2023-05-24,2.092,0.943,0.522,0.573
2023-05-25,2.159,0.967,0.593,0.666
2023-05-26,2.224,1.003,0.655,0.693
2023-05-27,2.251,1.059,0.734,0.741
2023-05-28,2.295,1.133,0.815,0.771
2023-05-29,2.360,1.204,0.889,0.767
2023-05-30,2.433,1.207,0.899,0.773
2023-05-31,2.489,1.196,0.891,0.777
2023-06-01,2.463,1.209,0.915,0.818
2023-06-02,2.434,1.207,0.954,0.852
2023-06-03,2.424,1.225,1.013,0.872
2023-06-04,2.494,1.299,1.106,0.891
2023-06-05,2.597,1.388,1.195,0.930
2023-06-06,2.687,1.464,1.253,0.946
2023-06-07,2.818,1.516,1.256,0.935
2023-06-08,2.934,1.520,1.209,0.917
2023-06-09,3.054,1.514,1.149,0.886
2023-06-10,3.105,1.504,1.095,0.866
2023-06-11,3.082,1.498,1.065,0.832
2023-06-12,3.054,1.476,1.046,0.818
2023-06-13,3.032,1.446,1.030,0.834
2023-06-14,3.010,1.442,1.046,0.835
2023-06-15,3.029,1.449,1.049,0.806
2023-06-16,3.086,1.449,1.034,0.763
2023-06-17,3.136,1.485,1.043,0.780
2023-06-18,3.148,1.532,1.083,0.828
2023-06-19,3.125,1.565,1.128,0.854
2023-06-20,3.042,1.567,1.166,0.923
2023-06-21,2.942,1.564,1.205,0.969
2023-06-22,2.884,1.568,1.248,0.986
2023-06-23,2.908,1.565,1.257,0.979
2023-06-24,2.938,1.563,1.239,0.927
2023-06-25,2.985,1.556,1.203,0.884
2023-06-26,3.029,1.550,1.160,0.854
2023-06-27,3.032,1.544,1.127,0.840
2023-06-28,3.009,1.565,1.110,0.845
2023-06-29,3.006,1.595,1.098,0.844
2023-06-30,3.062,1.633,1.100,0.850
2023-07-01,3.120,1.676,1.127,0.853
2023-07-02,3.171,1.713,1.158,0.873
2023-07-03,3.189,1.751,1.195,0.900
2023-07-04,3.221,1.770,1.222,0.941
2023-07-05,3.240,1.783,1.264,0.972
2023-07-06,3.275,1.777,1.277,0.971
2023-07-07,3.290,1.765,1.253,0.938
2023-07-08,3.312,1.760,1.223,0.911
2023-07-09,3.331,1.772,1.201,0.858
2023-07-10,3.337,1.776,1.175,0.843
2023-07-11,3.352,1.786,1.170,0.868
2023-07-12,3.315,1.818,1.200,0.892
2023-07-13,3.278,1.864,1.231,0.933
2023-07-14,3.307,1.905,1.273,0.961
2023-07-15,3.337,1.937,1.310,0.999
2023-07-16,3.350,1.958,1.325,1.027
2023-07-17,3.423,1.954,1.310,1.012
2023-07-18,3.437,1.937,1.289,1.011
2023-07-19,3.411,1.898,1.266,0.986
2023-07-20,3.417,1.857,1.246,0.960
2023-07-21,3.412,1.840,1.247,0.948
2023-07-22,3.368,1.824,1.241,0.979
2023-07-23,3.297,1.805,1.244,0.986
2023-07-24,3.251,1.810,1.258,1.021
2023-07-25,3.239,1.814,1.255,1.017
2023-07-26,3.212,1.831,1.254,1.012
2023-07-27,3.166,1.852,1.251,1.034
2023-07-28,3.085,1.884,1.257,1.033
2023-07-29,3.125,1.899,1.237,1.006
2023-07-30,3.243,1.886,1.217,0.994
2023-07-31,3.290,1.889,1.198,0.943
2023-08-01,3.283,1.899,1.161,0.938
2023-08-02,3.347,1.928,1.141,0.916
2023-08-03,3.413,1.943,1.145,0.944
2023-08-04,3.472,1.948,1.185,1.007
2023-08-05,3.531,1.937,1.219,1.078
2023-08-06,3.561,1.937,1.237,1.101
2023-08-07,3.568,1.943,1.271,1.119
2023-08-08,3.538,1.956,1.306,1.104
2023-08-09,3.445,1.925,1.282,1.084
2023-08-10,3.389,1.906,1.295,1.126
2023-08-11,3.280,1.900,1.328,1.187
2023-08-12,3.212,1.917,1.351,1.193
2023-08-13,3.240,1.957,1.373,1.181
2023-08-14,3.372,2.011,1.400,1.145
2023-08-15,3.521,2.080,1.439,1.182
2023-08-16,3.642,2.131,1.467,1.231
2023-08-17,3.587,2.139,1.466,1.253
2023-08-18,3.427,2.129,1.440,1.250
2023-08-19,3.248,2.138,1.444,1.267
2023-08-20,3.176,2.148,1.465,1.292
2023-08-21,3.158,2.176,1.491,1.288
2023-08-22,3.143,2.228,1.560,1.325
2023-08-23,3.178,2.270,1.610,1.348
2023-08-24,3.204,2.306,1.636,1.364
2023-08-25,3.200,2.356,1.676,1.366
2023-08-26,3.204,2.366,1.663,1.357
2023-08-27,3.261,2.345,1.612,1.325
2023-08-28,3.327,2.319,1.576,1.310
2023-08-29,3.361,2.304,1.569,1.338
2023-08-30,3.355,2.286,1.577,1.346
2023-08-31,3.319,2.264,1.596,1.342
2023-09-01,3.210,2.233,1.607,1.315
2023-09-02,3.115,2.221,1.631,1.298
2023-09-03,3.029,2.202,1.646,1.303
2023-09-04,2.977,2.196,1.653,1.316
2023-09-05,2.956,2.189,1.645,1.316
2023-09-06,2.906,2.190,1.621,1.279
2023-09-07,2.782,2.188,1.602,1.247
2023-09-08,2.729,2.208,1.621,1.227
2023-09-09,2.815,2.236,1.629,1.217
2023-09-10,2.840,2.254,1.631,1.245
2023-09-11,2.884,2.279,1.652,1.287
2023-09-12,2.930,2.270,1.652,1.313
2023-09-13,2.934,2.211,1.629,1.322
2023-09-14,2.862,2.190,1.640,1.354
2023-09-15,2.792,2.154,1.657,1.398
2023-09-16,2.754,2.142,1.667,1.386
2023-09-17,2.724,2.147,1.694,1.366
2023-09-18,2.747,2.163,1.706,1.355
2023-09-19,2.831,2.185,1.701,1.352
2023-09-20,2.911,2.213,1.703,1.372
2023-09-21,3.023,2.256,1.743,1.433
2023-09-22,3.081,2.239,1.744,1.459
2023-09-23,3.077,2.194,1.700,1.443
2023-09-24,3.054,2.138,1.636,1.397
2023-09-25,2.989,2.083,1.571,1.332
2023-09-26,3.041,2.020,1.521,1.306
2023-09-27,3.138,1.971,1.493,1.298
2023-09-28,2.822,1.955,1.497,1.300
2023-09-29,2.620,1.973,1.518,1.365
2023-09-30,2.505,1.970,1.519,1.389
2023-10-01,2.434,1.971,1.496,1.364
2023-10-02,2.291,1.970,1.495,1.399
2023-10-03,2.299,1.961,1.509,1.401
2023-10-04,2.331,1.978,1.555,1.424
2023-10-05,2.323,2.001,1.573,1.439
2023-10-06,2.362,2.028,1.578,1.415
2023-10-07,2.421,2.058,1.572,1.380
2023-10-08,2.454,2.054,1.539,1.357
2023-10-09,2.468,2.060,1.529,1.373
2023-10-10,2.396,2.065,1.549,1.441
2023-10-11,2.315,2.073,1.573,1.495
2023-10-12,2.233,2.087,1.618,1.599
2023-10-13,2.184,2.119,1.686,1.708
2023-10-14,2.173,2.139,1.735,1.753
2023-10-15,2.262,2.159,1.762,1.713
2023-10-16,2.418,2.180,1.781,1.684
2023-10-17,2.482,2.178,1.764,1.651
2023-10-18,2.506,2.167,1.741,1.602
2023-10-19,2.566,2.175,1.737,1.549
2023-10-20,2.617,2.186,1.737,1.529
2023-10-21,2.678,2.168,1.699,1.509
2023-10-22,2.651,2.142,1.662,1.506
2023-10-23,2.596,2.157,1.702,1.546
2023-10-24,2.531,2.192,1.787,1.585
2023-10-25,2.449,2.227,1.870,1.588
2023-10-26,2.395,2.265,1.929,1.586
2023-10-27,2.345,2.293,1.961,1.582
2023-10-28,2.278,2.287,1.981,1.612
2023-10-29,2.294,2.275,1.996,1.653
2023-10-30,2.318,2.260,2.004,1.682
2023-10-31,2.286,2.256,2.008,1.669
2023-11-01,2.258,2.261,2.007,1.705
2023-11-02,2.294,2.268,2.024,1.747
2023-11-03,2.314,2.252,2.018,1.762
2023-11-04,2.347,2.240,2.005,1.760
2023-11-05,2.412,2.237,2.015,1.767
2023-11-06,2.498,2.240,2.021,1.739
2023-11-07,2.525,2.233,2.006,1.715
2023-11-08,2.459,2.202,1.989,1.692
2023-11-09,2.349,2.146,1.982,1.651
2023-11-10,2.227,2.118,1.984,1.605
2023-11-11,2.145,2.109,1.988,1.584
2023-11-12,2.088,2.098,1.988,1.565
2023-11-13,2.079,2.116,2.002,1.610
2023-11-14,2.031,2.136,2.021,1.647
2023-11-15,1.994,2.160,2.064,1.700
2023-11-16,1.958,2.213,2.163,1.753
2023-11-17,1.925,2.265,2.241,1.811
2023-11-18,1.968,2.302,2.273,1.822
2023-11-19,2.064,2.339,2.314,1.871
2023-11-20,2.101,2.349,2.331,1.873
2023-11-21,2.140,2.359,2.354,1.858
2023-11-22,2.244,2.367,2.362,1.853
2023-11-23,2.322,2.371,2.360,1.878
2023-11-24,2.355,2.362,2.346,1.916
2023-11-25,2.347,2.327,2.311,1.921
2023-11-26,2.292,2.254,2.224,1.916
2023-11-27,2.223,2.196,2.180,1.882
2023-11-28,2.151,2.153,2.177,1.917
2023-11-29,2.035,2.122,2.193,1.987
2023-11-30,1.924,2.083,2.182,1.935
2023-12-01,1.825,2.074,2.168,1.847
2023-12-02,1.683,2.043,2.143,1.820
2023-12-03,1.533,2.050,2.137,1.760
2023-12-04,1.423,2.074,2.135,1.699
2023-12-05,1.421,2.107,2.134,1.658
2023-12-06,1.504,2.138,2.151,1.644
2023-12-07,1.628,2.167,2.186,1.649
2023-12-08,1.660,2.159,2.188,1.697
2023-12-09,1.675,2.149,2.190,1.731
2023-12-10,1.731,2.130,2.149,1.706
2023-12-11,1.762,2.104,2.091,1.688
2023-12-12,1.783,2.094,2.071,1.608
2023-12-13,1.770,2.135,2.095,1.563
2023-12-14,1.744,2.195,2.109,1.544
2023-12-15,1.778,2.245,2.127,1.507
2023-12-16,1.766,2.259,2.121,1.497
2023-12-17,1.638,2.237,2.090,1.485
2023-12-18,1.509,2.212,2.075,1.472
2023-12-19,1.304,2.199,2.072,1.468
2023-12-20,1.148,2.184,2.090,1.525
2023-12-21,1.004,2.158,2.087,1.534
2023-12-22,0.898,2.113,2.060,1.541
2023-12-23,0.893,2.084,2.033,1.495
2023-12-24,0.886,2.069,2.018,1.485
2023-12-25,0.835,2.064,2.017,1.472
2023-12-26,0.882,2.079,2.037,1.482
2023-12-27,0.890,2.090,2.052,1.516
2023-12-28,0.900,2.085,2.018,1.514
2023-12-29,0.877,2.097,2.020,1.528
2023-12-30,0.895,2.087,2.027,1.528
2023-12-31,0.856,2.077,2.037,1.563
2024-01-01,0.806,2.076,2.047,1.573
2024-01-02,0.823,2.047,2.030,1.585
2024-01-03,0.918,2.026,2.013,1.591
2024-01-04,0.962,2.025,1.970,1.560
2024-01-05,1.062,1.999,1.896,1.536
2024-01-06,1.044,1.982,1.862,1.515
2024-01-07,1.052,1.975,1.860,1.517
2024-01-08,1.069,1.957,1.882,1.559
2024-01-09,0.970,1.945,1.892,1.586
2024-01-10,0.909,1.948,1.874,1.590
2024-01-11,0.864,1.963,1.869,1.631
2024-01-12,0.849,1.943,1.853,1.654
2024-01-13,0.832,1.928,1.821,1.595
2024-01-14,0.793,1.925,1.791,1.521
2024-01-15,0.787,1.925,1.747,1.504
2024-01-16,0.862,1.887,1.691,1.458
2024-01-17,0.888,1.822,1.658,1.507
2024-01-18,0.892,1.765,1.631,1.519
2024-01-19,0.870,1.732,1.610,1.514
2024-01-20,0.840,1.717,1.604,1.506
2024-01-21,0.843,1.692,1.584,1.486
2024-01-22,0.848,1.669,1.566,1.506
2024-01-23,0.860,1.667,1.577,1.576
2024-01-24,0.892,1.676,1.587,1.603
2024-01-25,0.939,1.688,1.584,1.605
2024-01-26,0.953,1.715,1.596,1.564
2024-01-27,0.988,1.718,1.600,1.536
2024-01-28,1.051,1.707,1.607,1.508
2024-01-29,1.101,1.712,1.623,1.473
2024-01-30,1.107,1.731,1.675,1.488
2024-01-31,1.054,1.736,1.732,1.554
2024-02-01,1.169,1.717,1.757,1.546
2024-02-02,1.106,1.666,1.735,1.517
2024-02-03,1.120,1.590,1.677,1.436
2024-02-04,1.219,1.523,1.622,1.395
2024-02-05,1.269,1.473,1.575,1.359
2024-02-06,1.292,1.434,1.543,1.343
2024-02-07,1.231,1.434,1.529,1.345
2024-02-08,1.190,1.453,1.541,1.336
2024-02-09,1.163,1.470,1.524,1.377
2024-02-10,1.156,1.482,1.511,1.358
2024-02-11,1.192,1.469,1.471,1.287
2024-02-12,1.167,1.485,1.470,1.285
2024-02-13,1.150,1.464,1.466,1.310
2024-02-14,1.126,1.443,1.475,1.323
2024-02-15,1.053,1.406,1.480,1.268
2024-02-16,1.040,1.386,1.476,1.241
2024-02-17,1.002,1.406,1.508,1.228
2024-02-18,0.974,1.423,1.531,1.265
2024-02-19,1.043,1.431,1.538,1.260
2024-02-20,1.063,1.413,1.505,1.259
2024-02-21,1.100,1.382,1.460,1.268
2024-02-22,1.241,1.372,1.408,1.237
2024-02-23,1.336,1.375,1.337,1.194
2024-02-24,1.385,1.391,1.319,1.207
2024-02-25,1.428,1.397,1.316,1.214
2024-02-26,1.449,1.393,1.312,1.203
2024-02-27,1.444,1.394,1.330,1.187
2024-02-28,1.397,1.420,1.373,1.169
2024-02-29,1.345,1.504,1.438,1.150
2024-03-01,1.418,1.518,1.468,1.146
2024-03-02,1.524,1.505,1.484,1.132
2024-03-03,1.478,1.409,1.486,1.111
2024-03-04,1.346,1.268,1.468,1.138
2024-03-05,1.205,1.156,1.458,1.160
2024-03-06,1.115,1.086,1.459,1.185
2024-03-07,1.080,1.054,1.437,1.174
2024-03-08,0.998,1.030,1.392,1.133
2024-03-09,0.980,1.034,1.330,1.072
2024-03-10,1.001,1.048,1.283,1.015
2024-03-11,0.987,1.023,1.219,0.954
2024-03-12,0.864,0.998,1.157,0.927
2024-03-13,0.750,0.967,1.126,0.960
2024-03-14,0.714,0.912,1.086,0.891
2024-03-15,0.610,0.883,1.051,0.866
2024-03-16,0.387,0.855,1.069,0.935
2024-03-17,0.228,0.873,1.122,0.983
2024-03-18,0.093,0.941,1.199,0.984
2024-03-19,-0.024,1.004,1.276,1.000
2024-03-20,0.014,1.031,1.328,1.059
2024-03-21,0.080,1.048,1.348,1.086
2024-03-22,0.151,1.062,1.321,1.085
2024-03-23,0.231,1.068,1.245,1.044
2024-03-24,0.285,1.062,1.150,0.991
2024-03-25,0.264,1.077,1.079,0.916
2024-03-26,0.201,1.106,1.024,0.832
2024-03-27,0.120,1.164,1.057,0.806
2024-03-28,0.042,1.239,1.143,0.831
2024-03-29,-0.073,1.285,1.245,0.878
2024-03-30,-0.130,1.338,1.343,0.937
2024-03-31,-0.190,1.290,1.374,0.942
2024-04-01,-0.085,1.412,1.495,0.992
2024-04-02,-0.011,1.379,1.491,1.013
2024-04-03,0.112,1.296,1.436,1.051
2024-04-04,0.267,1.180,1.362,1.066
2024-04-05,0.393,1.066,1.247,0.988
2024-04-06,0.437,0.977,1.160,0.913
2024-04-07,0.439,0.926,1.101,0.841
2024-04-08,0.429,0.864,1.014,0.759
2024-04-09,0.400,0.783,0.913,0.669
2024-04-10,0.371,0.708,0.840,0.631
2024-04-11,0.340,0.640,0.814,0.650
2024-04-12,0.264,0.581,0.787,0.715
2024-04-13,0.148,0.542,0.751,0.761
2024-04-14,-0.035,0.529,0.710,0.774
2024-04-15,-0.223,0.590,0.747,0.862
2024-04-16,-0.337,0.662,0.825,0.994
2024-04-17,-0.373,0.747,0.905,1.048
2024-04-18,-0.323,0.839,0.970,1.048
2024-04-19,-0.213,0.913,0.988,1.042
2024-04-20,0.083,1.014,0.998,1.009
2024-04-21,0.483,1.046,0.984,1.027
2024-04-22,0.712,1.018,0.980,1.022
2024-04-23,0.802,0.986,1.023,1.061
2024-04-24,0.785,0.885,1.031,1.066
2024-04-25,0.768,0.773,0.957,1.016
2024-04-26,0.748,0.668,0.889,1.012
2024-04-27,0.785,0.595,0.820,0.970
2024-04-28,0.835,0.533,0.761,0.959
2024-04-29,0.812,0.472,0.694,0.933
2024-04-30,0.803,0.464,0.685,0.900
2024-05-01,0.752,0.488,0.720,0.909
2024-05-02,0.653,0.507,0.735,0.912
2024-05-03,0.550,0.520,0.715,0.920
2024-05-04,0.395,0.486,0.653,0.932
2024-05-05,0.179,0.426,0.595,0.933
2024-05-06,0.132,0.384,0.563,0.919
2024-05-07,0.059,0.347,0.517,0.897
2024-05-08,-0.047,0.262,0.458,0.887
2024-05-09,-0.192,0.142,0.394,0.910
2024-05-10,-0.346,0.048,0.341,0.890
2024-05-11,-0.543,-0.009,0.329,0.862
2024-05-12,-0.760,-0.024,0.363,0.879
2024-05-13,-0.872,-0.056,0.384,0.891
2024-05-14,-0.914,-0.104,0.380,0.881
2024-05-15,-0.896,-0.123,0.379,0.857
2024-05-16,-0.817,-0.112,0.371,0.821
2024-05-17,-0.730,-0.083,0.349,0.817
2024-05-18,-0.760,-0.053,0.335,0.821
2024-05-19,-0.843,-0.065,0.316,0.818
2024-05-20,-0.998,-0.092,0.318,0.819
2024-05-21,-1.127,-0.099,0.318,0.822
2024-05-22,-1.125,-0.121,0.314,0.838
2024-05-23,-1.060,-0.178,0.312,0.887
2024-05-24,-0.941,-0.251,0.297,0.928
2024-05-25,-0.893,-0.268,0.277,0.940
2024-05-26,-0.845,-0.232,0.263,0.922
2024-05-27,-0.826,-0.166,0.254,0.887
2024-05-28,-0.731,-0.177,0.232,0.853
2024-05-29,-0.664,-0.231,0.193,0.837
2024-05-30,-0.571,-0.253,0.189,0.853
2024-05-31,-0.535,-0.244,0.251,0.902
2024-06-01,-0.541,-0.202,0.310,0.903
2024-06-02,-0.548,-0.154,0.370,0.906
2024-06-03,-0.572,-0.139,0.406,0.928
2024-06-04,-0.572,-0.111,0.377,0.947
2024-06-05,-0.503,-0.073,0.333,0.952
2024-06-06,-0.413,-0.025,0.267,0.939
2024-06-07,-0.316,0.028,0.231,0.912
2024-06-08,-0.340,0.081,0.235,0.898
2024-06-09,-0.435,0.072,0.220,0.872
2024-06-10,-0.444,0.032,0.210,0.842
2024-06-11,-0.409,0.013,0.212,0.812
2024-06-12,-0.408,0.044,0.253,0.785
2024-06-13,-0.362,0.083,0.279,0.748
2024-06-14,-0.332,0.120,0.290,0.708
2024-06-15,-0.361,0.151,0.317,0.705
2024-06-16,-0.427,0.183,0.348,0.701
2024-06-17,-0.631,0.182,0.383,0.725
2024-06-18,-0.737,0.134,0.438,0.764
2024-06-19,-0.848,0.029,0.452,0.789
2024-06-20,-0.901,-0.044,0.477,0.795
2024-06-21,-0.883,-0.097,0.511,0.844
2024-06-22,-0.755,-0.150,0.520,0.909
2024-06-23,-0.720,-0.126,0.533,0.904
2024-06-24,-0.744,-0.066,0.567,0.920
2024-06-25,-0.691,-0.010,0.602,0.947
2024-06-26,-0.585,0.051,0.623,0.941
2024-06-27,-0.509,0.086,0.620,0.908
2024-06-28,-0.469,0.100,0.618,0.878
2024-06-29,-0.413,0.081,0.590,0.855
2024-06-30,-0.334,0.051,0.546,0.821
2024-07-01,-0.265,0.072,0.538,0.827
2024-07-02,-0.074,0.084,0.538,0.843
2024-07-03,0.174,0.122,0.536,0.813
2024-07-04,0.350,0.199,0.555,0.825
2024-07-05,0.379,0.230,0.547,0.833
2024-07-06,0.359,0.175,0.514,0.819
2024-07-07,0.262,0.116,0.466,0.827
2024-07-08,0.064,0.113,0.457,0.856
2024-07-09,-0.082,0.132,0.476,0.882
2024-07-10,-0.205,0.170,0.503,0.926
2024-07-11,-0.286,0.211,0.520,0.975
2024-07-12,-0.260,0.222,0.547,1.023
2024-07-13,-0.332,0.212,0.521,1.018
2024-07-14,-0.419,0.200,0.487,0.980
2024-07-15,-0.468,0.173,0.444,0.931
2024-07-16,-0.509,0.136,0.404,0.879
2024-07-17,-0.553,0.090,0.339,0.835
2024-07-18,-0.579,0.068,0.282,0.811
2024-07-19,-0.635,0.053,0.227,0.786
2024-07-20,-0.692,0.079,0.243,0.768
2024-07-21,-0.753,0.118,0.288,0.769
2024-07-22,-0.857,0.146,0.305,0.747
2024-07-23,-0.986,0.177,0.310,0.682
2024-07-24,-0.998,0.186,0.283,0.584
2024-07-25,-0.936,0.141,0.212,0.482
2024-07-26,-0.867,0.064,0.121,0.414
2024-07-27,-0.796,-0.041,0.018,0.390
2024-07-28,-0.782,-0.147,-0.099,0.390
2024-07-29,-0.719,-0.210,-0.176,0.411
2024-07-30,-0.620,-0.209,-0.152,0.439
2024-07-31,-0.431,-0.182,-0.116,0.449
2024-08-01,-0.269,-0.130,-0.066,0.465
2024-08-02,-0.233,-0.030,0.019,0.491
2024-08-03,-0.216,0.064,0.098,0.524
2024-08-04,-0.176,0.146,0.159,0.564
2024-08-05,-0.314,0.153,0.123,0.423
2024-08-06,-0.133,0.151,0.176,0.664
2024-08-07,-0.195,0.133,0.156,0.716
2024-08-08,-0.255,0.087,0.145,0.751
2024-08-09,-0.257,0.002,0.110,0.788
2024-08-10,-0.227,-0.071,0.103,0.851
2024-08-11,-0.224,-0.131,0.068,0.870
2024-08-12,-0.241,-0.206,0.010,0.854
2024-08-13,-0.283,-0.246,-0.017,0.830
2024-08-14,-0.213,-0.286,-0.033,0.846
2024-08-15,-0.113,-0.271,-0.030,0.856
2024-08-16,0.025,-0.239,-0.018,0.823
2024-08-17,0.214,-0.164,-0.008,0.763
2024-08-18,0.225,-0.115,-0.009,0.693
2024-08-19,0.174,-0.114,0.004,0.665
2024-08-20,0.095,-0.101,0.039,0.684
2024-08-21,0.037,-0.126,0.059,0.717
2024-08-22,-0.029,-0.170,0.074,0.747
2024-08-23,-0.209,-0.220,0.052,0.748
2024-08-24,-0.338,-0.280,0.039,0.743
2024-08-25,-0.326,-0.342,-0.015,0.717
2024-08-26,-0.302,-0.410,-0.090,0.647
2024-08-27,-0.332,-0.422,-0.125,0.602
2024-08-28,-0.352,-0.368,-0.114,0.565
2024-08-29,-0.339,-0.321,-0.090,0.539
2024-08-30,-0.300,-0.286,-0.071,0.516
2024-08-31,-0.255,-0.255,-0.070,0.464
2024-09-01,-0.226,-0.207,-0.063,0.410
2024-09-02,-0.325,-0.167,-0.041,0.367
2024-09-03,-0.358,-0.155,-0.034,0.366
2024-09-04,-0.385,-0.137,-0.049,0.359
2024-09-05,-0.298,-0.116,-0.075,0.343
2024-09-06,-0.194,-0.063,-0.070,0.371
2024-09-07,-0.095,-0.031,-0.069,0.383
2024-09-08,-0.016,-0.061,-0.107,0.383
2024-09-09,0.016,-0.071,-0.151,0.348
2024-09-10,0.007,-0.045,-0.158,0.314
2024-09-11,0.007,-0.031,-0.149,0.313
2024-09-12,0.011,-0.056,-0.148,0.274
2024-09-13,0.116,-0.059,-0.159,0.232
2024-09-14,0.267,-0.066,-0.202,0.215
2024-09-15,0.365,-0.102,-0.285,0.192
2024-09-16,0.282,-0.146,-0.374,0.196
2024-09-17,0.113,-0.192,-0.447,0.221
2024-09-18,-0.017,-0.217,-0.498,0.269
2024-09-19,-0.234,-0.221,-0.519,0.277
2024-09-20,-0.521,-0.190,-0.470,0.291
2024-09-21,-0.526,-0.130,-0.385,0.301
2024-09-22,-0.636,-0.047,-0.286,0.310
2024-09-23,-0.767,0.037,-0.229,0.343
2024-09-24,-0.876,0.098,-0.187,0.412
2024-09-25,-0.884,0.126,-0.165,0.519
2024-09-26,-0.784,0.123,-0.190,0.581
2024-09-27,-0.726,0.156,-0.199,0.575
2024-09-28,-0.586,0.189,-0.222,0.506
2024-09-29,-0.579,0.216,-0.224,0.472
2024-09-30,-0.555,0.206,-0.239,0.468
2024-10-01,-0.523,0.169,-0.258,0.511
2024-10-02,-0.461,0.149,-0.273,0.504
2024-10-03,-0.462,0.138,-0.299,0.463
2024-10-04,-0.469,0.132,-0.306,0.426
2024-10-05,-0.496,0.098,-0.308,0.398
2024-10-06,-0.601,0.031,-0.322,0.396
2024-10-07,-0.559,-0.003,-0.347,0.367
2024-10-08,-0.511,0.018,-0.325,0.370
2024-10-09,-0.408,0.066,-0.282,0.389
2024-10-10,-0.343,0.075,-0.268,0.397
2024-10-11,-0.313,0.067,-0.274,0.429
2024-10-12,-0.162,0.073,-0.271,0.436
2024-10-13,-0.178,0.092,-0.238,0.416
2024-10-14,-0.113,0.125,-0.168,0.389
2024-10-15,-0.093,0.124,-0.118,0.362
2024-10-16,-0.015,0.101,-0.109,0.358
2024-10-17,-0.000,0.073,-0.128,0.375
2024-10-18,-0.055,0.067,-0.144,0.402
2024-10-19,-0.213,0.060,-0.148,0.380
2024-10-20,-0.245,0.039,-0.143,0.338
2024-10-21,-0.198,0.027,-0.161,0.285
2024-10-22,-0.256,0.028,-0.193,0.223
2024-10-23,-0.234,0.009,-0.241,0.146
2024-10-24,-0.230,-0.064,-0.290,0.091
2024-10-25,-0.401,-0.148,-0.318,0.081
2024-10-26,-0.621,-0.231,-0.305,0.127
2024-10-27,-0.607,-0.311,-0.278,0.231
2024-10-28,-0.599,-0.345,-0.234,0.319
2024-10-29,-0.581,-0.314,-0.146,0.438
2024-10-30,-0.628,-0.222,-0.077,0.464
2024-10-31,-0.557,-0.093,-0.014,0.465
2024-11-01,-0.500,0.014,0.007,0.470
2024-11-02,-0.439,0.071,-0.013,0.468
2024-11-03,-0.315,0.126,-0.042,0.453
2024-11-04,-0.223,0.151,-0.058,0.453
2024-11-05,-0.109,0.165,-0.025,0.470
2024-11-06,-0.087,0.174,0.042,0.502
2024-11-07,-0.129,0.152,0.089,0.534
2024-11-08,-0.033,0.101,0.088,0.550
2024-11-09,0.033,0.066,0.075,0.558
2024-11-10,0.088,0.050,0.101,0.527
2024-11-11,0.115,0.059,0.159,0.510
2024-11-12,0.159,0.075,0.183,0.485
2024-11-13,0.239,0.137,0.199,0.448
2024-11-14,0.296,0.220,0.215,0.426
2024-11-15,0.620,0.283,0.207,0.445
2024-11-16,0.844,0.350,0.199,0.488
2024-11-17,0.929,0.380,0.200,0.502
2024-11-18,0.990,0.362,0.201,0.484
2024-11-19,1.014,0.335,0.217,0.457
2024-11-20,1.041,0.304,0.224,0.421
2024-11-21,1.032,0.260,0.187,0.398
2024-11-22,1.056,0.206,0.136,0.381
2024-11-23,0.952,0.145,0.101,0.366
2024-11-24,0.823,0.094,0.075,0.300
2024-11-25,0.719,0.060,0.077,0.273
2024-11-26,0.596,0.034,0.096,0.246
2024-11-27,0.431,-0.012,0.104,0.221
2024-11-28,0.265,-0.075,0.102,0.203
2024-11-29,0.156,-0.138,0.105,0.212
2024-11-30,0.069,-0.206,0.072,0.225
2024-12-01,0.057,-0.247,0.033,0.215
2024-12-02,0.047,-0.261,-0.021,0.174
2024-12-03,0.037,-0.263,-0.066,0.127
2024-12-04,0.010,-0.243,-0.087,0.064
2024-12-05,0.028,-0.211,-0.105,0.022
2024-12-06,0.048,-0.206,-0.153,-0.043
2024-12-07,0.043,-0.222,-0.189,-0.104
2024-12-08,0.063,-0.228,-0.232,-0.164
2024-12-09,0.012,-0.226,-0.285,-0.169
2024-12-10,-0.093,-0.233,-0.347,-0.145
2024-12-11,-0.106,-0.238,-0.384,-0.114
2024-12-12,-0.141,-0.275,-0.430,-0.091
2024-12-13,-0.151,-0.325,-0.468,-0.083
2024-12-14,-0.209,-0.377,-0.529,-0.092
2024-12-15,-0.248,-0.426,-0.615,-0.128
2024-12-16,-0.292,-0.429,-0.674,-0.179
2024-12-17,-0.263,-0.422,-0.714,-0.227
2024-12-18,-0.267,-0.420,-0.728,-0.301
2024-12-19,-0.230,-0.427,-0.751,-0.395
2024-12-20,-0.186,-0.418,-0.769,-0.440
2024-12-21,-0.213,-0.418,-0.779,-0.425
2024-12-22,-0.245,-0.435,-0.815,-0.426
2024-12-23,-0.280,-0.443,-0.877,-0.485
2024-12-24,-0.285,-0.442,-0.928,-0.555
2024-12-25,-0.283,-0.425,-0.964,-0.602
2024-12-26,-0.237,-0.414,-0.958,-0.597
2024-12-27,-0.145,-0.381,-0.919,-0.565
2024-12-28,-0.050,-0.335,-0.877,-0.559
2024-12-29,-0.005,-0.276,-0.828,-0.568
2024-12-30,0.005,-0.207,-0.767,-0.557
2024-12-31,-0.000,-0.108,-0.704,-0.540
2025-01-01,-0.031,-0.057,-0.651,-0.542
2025-01-02,0.025,-0.057,-0.631,-0.537
2025-01-03,0.184,-0.077,-0.648,-0.554
2025-01-04,0.282,-0.097,-0.701,-0.581
2025-01-05,0.248,-0.104,-0.737,-0.613
2025-01-06,0.308,-0.091,-0.750,-0.642
2025-01-07,0.275,-0.075,-0.743,-0.659
2025-01-08,0.223,-0.087,-0.740,-0.642
2025-01-09,0.095,-0.109,-0.763,-0.648
2025-01-10,-0.043,-0.128,-0.776,-0.662
2025-01-11,-0.253,-0.111,-0.746,-0.669
2025-01-12,-0.398,-0.098,-0.683,-0.637
2025-01-13,-0.343,-0.075,-0.619,-0.588
2025-01-14,-0.396,-0.073,-0.611,-0.565
2025-01-15,-0.402,-0.094,-0.652,-0.565
2025-01-16,-0.358,-0.135,-0.722,-0.578
2025-01-17,-0.291,-0.172,-0.781,-0.584
2025-01-18,-0.219,-0.192,-0.821,-0.601
2025-01-19,-0.188,-0.228,-0.871,-0.635
2025-01-20,-0.246,-0.285,-0.918,-0.666
2025-01-21,-0.355,-0.343,-0.957,-0.695
2025-01-22,-0.435,-0.411,-0.987,-0.702
2025-01-23,-0.473,-0.485,-1.021,-0.709
2025-01-24,-0.485,-0.554,-1.051,-0.705
2025-01-25,-0.542,-0.590,-1.051,-0.719
2025-01-26,-0.638,-0.597,-1.018,-0.741
2025-01-27,-0.691,-0.604,-0.996,-0.766
2025-01-28,-0.675,-0.624,-0.969,-0.758
2025-01-29,-0.567,-0.635,-0.948,-0.760
2025-01-30,-0.407,-0.630,-0.940,-0.785
2025-01-31,-0.350,-0.576,-0.917,-0.800
2025-02-01,-0.256,-0.498,-0.876,-0.813
2025-02-02,-0.122,-0.408,-0.826,-0.814
2025-02-03,0.060,-0.312,-0.770,-0.807
2025-02-04,0.192,-0.231,-0.715,-0.795
2025-02-05,0.302,-0.161,-0.659,-0.767
2025-02-06,0.448,-0.110,-0.606,-0.758
2025-02-07,0.564,-0.066,-0.570,-0.737
2025-02-08,0.739,-0.043,-0.559,-0.751
2025-02-09,0.916,-0.024,-0.543,-0.748
2025-02-10,1.038,-0.003,-0.517,-0.718
2025-02-11,1.043,0.013,-0.477,-0.651
2025-02-12,1.125,0.006,-0.425,-0.546
2025-02-13,1.075,-0.018,-0.380,-0.464
2025-02-14,1.034,-0.019,-0.352,-0.412
2025-02-15,1.065,0.009,-0.342,-0.396
2025-02-16,1.065,0.043,-0.326,-0.402
2025-02-17,0.995,0.066,-0.302,-0.388
2025-02-18,0.919,0.075,-0.281,-0.352
2025-02-19,0.982,0.120,-0.285,-0.370
2025-02-20,0.992,0.176,-0.286,-0.410
2025-02-21,1.012,0.261,-0.249,-0.445
2025-02-22,1.061,0.302,-0.220,-0.394
2025-02-23,1.155,0.318,-0.236,-0.391
2025-02-24,1.221,0.323,-0.269,-0.436
2025-02-25,1.276,0.335,-0.268,-0.480
2025-02-26,1.364,0.324,-0.253,-0.504
2025-02-27,1.443,0.398,-0.182,-0.515
2025-02-28,1.628,0.471,-0.077,-0.498
2025-03-01,1.790,0.524,-0.020,-0.463
2025-03-02,1.859,0.556,-0.020,-0.455
2025-03-03,1.879,0.610,0.002,-0.465
2025-03-04,1.879,0.649,0.011,-0.474
2025-03-05,1.846,0.688,0.027,-0.460
2025-03-06,1.818,0.738,0.071,-0.445
2025-03-07,1.816,0.780,0.100,-0.427
2025-03-08,1.785,0.813,0.135,-0.409
2025-03-09,1.703,0.854,0.201,-0.399
2025-03-10,1.681,0.875,0.270,-0.393
2025-03-11,1.645,0.910,0.355,-0.385
2025-03-12,1.605,0.894,0.399,-0.384
2025-03-13,1.564,0.855,0.368,-0.392
2025-03-14,1.542,0.789,0.255,-0.395
2025-03-15,1.557,0.729,0.157,-0.381
2025-03-16,1.548,0.642,0.072,-0.359
2025-03-17,1.484,0.567,0.013,-0.337
2025-03-18,1.323,0.521,0.008,-0.329
2025-03-19,1.208,0.491,0.022,-0.321
2025-03-20,1.064,0.475,0.065,-0.291
2025-03-21,0.932,0.484,0.154,-0.256
2025-03-22,0.900,0.477,0.221,-0.221
2025-03-23,1.019,0.513,0.263,-0.206
2025-03-24,1.169,0.565,0.299,-0.188
2025-03-25,1.242,0.601,0.321,-0.172
2025-03-26,1.325,0.587,0.284,-0.181
2025-03-27,1.424,0.575,0.250,-0.183
2025-03-28,1.558,0.548,0.193,-0.176
2025-03-29,1.651,0.487,0.113,-0.170
2025-03-30,1.703,0.448,0.052,-0.155
2025-03-31,1.682,0.457,0.004,-0.134
2025-04-01,1.642,0.488,-0.013,-0.118
2025-04-02,1.583,0.511,-0.054,-0.126
2025-04-03,1.567,0.477,-0.102,-0.145
2025-04-04,1.658,0.424,-0.130,-0.172
2025-04-05,1.729,0.408,-0.126,-0.179
2025-04-06,1.742,0.413,-0.109,-0.185
2025-04-07,1.711,0.427,-0.065,-0.178
2025-04-08,1.640,0.407,-0.039,-0.167
2025-04-09,1.529,0.392,-0.020,-0.150
2025-04-10,1.416,0.354,-0.018,-0.136
2025-04-11,1.254,0.327,-0.041,-0.144
2025-04-12,1.109,0.345,-0.042,-0.169
2025-04-13,1.022,0.343,-0.034,-0.188
2025-04-14,0.972,0.317,-0.035,-0.189
2025-04-15,0.865,0.256,-0.052,-0.191
2025-04-16,0.733,0.159,-0.042,-0.187
2025-04-17,0.605,0.098,-0.011,-0.149
2025-04-18,0.461,0.062,0.035,-0.095
2025-04-19,0.234,0.027,0.063,-0.049
2025-04-20,0.105,0.033,0.078,-0.038
2025-04-21,0.021,0.049,0.087,-0.011
2025-04-22,0.056,0.060,0.091,0.009
2025-04-23,0.113,0.063,0.095,0.035
2025-04-24,0.136,0.075,0.094,0.026
2025-04-25,0.177,0.108,0.097,0.009
2025-04-26,0.224,0.114,0.104,0.009
2025-04-27,0.263,0.110,0.112,0.008
2025-04-28,0.259,0.087,0.099,0.002
2025-04-29,0.304,0.079,0.093,-0.002
2025-04-30,0.293,0.081,0.094,-0.005
2025-05-01,0.270,0.097,0.140,0.031
2025-05-02,0.233,0.099,0.192,0.111
2025-05-03,0.203,0.099,0.241,0.158
2025-05-04,0.179,0.098,0.266,0.164
2025-05-05,0.174,0.105,0.285,0.144
2025-05-06,0.140,0.125,0.288,0.106
2025-05-07,0.066,0.131,0.261,0.069
2025-05-08,-0.027,0.112,0.217,0.050
2025-05-09,-0.093,0.056,0.172,0.051
2025-05-10,-0.117,-0.001,0.128,0.109
2025-05-11,-0.103,-0.038,0.082,0.131
2025-05-12,-0.097,-0.070,0.040,0.125
2025-05-13,-0.064,-0.097,0.003,0.114
2025-05-14,-0.023,-0.120,-0.031,0.084
2025-05-15,0.087,-0.133,-0.031,0.091
2025-05-16,0.200,-0.154,-0.023,0.088
2025-05-17,0.318,-0.181,-0.045,0.079
2025-05-18,0.413,-0.176,-0.055,0.090
2025-05-19,0.511,-0.178,-0.066,0.099
2025-05-20,0.653,-0.192,-0.057,0.117
2025-05-21,0.747,-0.209,-0.023,0.163
2025-05-22,0.760,-0.218,0.015,0.221
2025-05-23,0.791,-0.232,0.028,0.249
2025-05-24,0.881,-0.232,0.031,0.234
2025-05-25,0.971,-0.239,0.018,0.234
2025-05-26,0.965,-0.258,-0.003,0.255
2025-05-27,0.887,-0.269,-0.012,0.292
2025-05-28,0.807,-0.252,0.002,0.301
2025-05-29,0.580,-0.184,0.058,0.281
2025-05-30,0.472,-0.090,0.112,0.254
2025-05-31,0.530,-0.008,0.159,0.246
2025-06-01,0.566,0.042,0.211,0.280
2025-06-02,0.555,0.049,0.226,0.310
2025-06-03,0.490,0.058,0.213,0.308
2025-06-04,0.493,0.057,0.163,0.284
2025-06-05,0.574,0.038,0.094,0.269
2025-06-06,0.674,0.028,0.050,0.301
2025-06-07,0.765,0.034,0.031,0.337
2025-06-08,0.756,0.057,0.048,0.360
2025-06-09,0.699,0.075,0.075,0.393
2025-06-10,0.681,0.115,0.143,0.421
2025-06-11,0.736,0.159,0.212,0.441
2025-06-12,0.833,0.200,0.244,0.437
2025-06-13,0.943,0.236,0.253,0.431
2025-06-14,0.972,0.250,0.248,0.423
2025-06-15,1.071,0.235,0.227,0.408
2025-06-16,1.118,0.213,0.190,0.423
2025-06-17,1.020,0.174,0.167,0.505
2025-06-18,0.854,0.132,0.176,0.555
2025-06-19,0.650,0.128,0.229,0.593
2025-06-20,0.512,0.154,0.311,0.601
2025-06-21,0.403,0.170,0.336,0.566
2025-06-22,0.324,0.187,0.328,0.523
2025-06-23,0.266,0.214,0.296,0.481
2025-06-24,0.249,0.234,0.254,0.446
2025-06-25,0.265,0.254,0.220,0.420
2025-06-26,0.301,0.252,0.203,0.435
2025-06-27,0.386,0.228,0.194,0.414
2025-06-28,0.475,0.214,0.193,0.378
2025-06-29,0.433,0.221,0.206,0.382
2025-06-30,0.422,0.261,0.235,0.385
2025-07-01,0.460,0.338,0.281,0.390
2025-07-02,0.553,0.424,0.324,0.375
2025-07-03,0.563,0.468,0.328,0.344
2025-07-04,0.591,0.486,0.337,0.336
2025-07-05,0.574,0.506,0.353,0.355
2025-07-06,0.592,0.494,0.352,0.387
2025-07-07,0.555,0.498,0.345,0.428
2025-07-08,0.484,0.483,0.321,0.450
2025-07-09,0.486,0.475,0.314,0.435
2025-07-10,0.492,0.435,0.307,0.388
2025-07-11,0.572,0.374,0.271,0.327
2025-07-12,0.643,0.310,0.200,0.272
2025-07-13,0.737,0.272,0.132,0.231
2025-07-14,0.778,0.236,0.090,0.233
2025-07-15,0.760,0.207,0.057,0.232
2025-07-16,0.756,0.192,0.037,0.245
2025-07-17,0.698,0.164,0.053,0.282
2025-07-18,0.707,0.126,0.072,0.294
2025-07-19,0.741,0.101,0.051,0.243
2025-07-20,0.748,0.106,0.019,0.149
2025-07-21,0.706,0.110,-0.030,0.080
2025-07-22,0.622,0.108,-0.079,0.077
2025-07-23,0.583,0.085,-0.124,0.117
2025-07-24,0.548,0.041,-0.172,0.165
2025-07-25,0.464,0.011,-0.205,0.182
2025-07-26,0.405,0.001,-0.213,0.194
2025-07-27,0.349,0.014,-0.197,0.168
2025-07-28,0.290,0.035,-0.170,0.122
2025-07-29,0.287,0.000,-0.160,0.091
2025-07-30,0.336,0.003,-0.158,0.101
2025-07-31,0.387,0.001,-0.165,0.132
2025-08-01,0.419,-0.022,-0.201,0.106
2025-08-02,0.447,-0.012,-0.196,0.142
2025-08-03,0.529,-0.022,-0.205,0.196
2025-08-04,0.593,-0.017,-0.180,0.263
2025-08-05,0.700,0.006,-0.147,0.268
2025-08-06,0.693,0.028,-0.111,0.255
2025-08-07,0.607,0.028,-0.089,0.230
2025-08-08,0.518,0.020,-0.091,0.186
2025-08-09,0.446,0.018,-0.114,0.149
2025-08-10,0.480,0.030,-0.156,0.142
2025-08-11,0.486,0.038,-0.193,0.187
2025-08-12,0.587,0.070,-0.208,0.212
2025-08-13,0.655,0.094,-0.207,0.233
2025-08-14,0.681,0.095,-0.196,0.257
2025-08-15,0.591,0.068,-0.197,0.233
2025-08-16,0.518,0.028,-0.190,0.212
2025-08-17,0.431,-0.039,-0.201,0.189
2025-08-18,0.344,-0.092,-0.205,0.192
2025-08-19,0.194,-0.147,-0.223,0.174
2025-08-20,0.064,-0.204,-0.242,0.176
2025-08-21,-0.009,-0.274,-0.276,0.184
2025-08-22,-0.057,-0.317,-0.316,0.180
2025-08-23,-0.049,-0.331,-0.342,0.128
2025-08-24,-0.115,-0.366,-0.337,0.093
2025-08-25,-0.191,-0.399,-0.307,0.101
2025-08-26,-0.282,-0.435,-0.301,0.090
2025-08-27,-0.413,-0.488,-0.299,0.105
2025-08-28,-0.466,-0.536,-0.320,0.097
2025-08-29,-0.484,-0.585,-0.361,0.050
2025-08-30,-0.415,-0.583,-0.418,-0.010
2025-08-31,-0.351,-0.553,-0.417,-0.025
2025-09-01,-0.297,-0.522,-0.402,-0.039
2025-09-02,-0.166,-0.483,-0.375,-0.068
2025-09-03,-0.131,-0.418,-0.330,-0.076
2025-09-04,-0.162,-0.377,-0.281,-0.083
2025-09-05,-0.178,-0.306,-0.244,-0.098
2025-09-06,-0.100,-0.274,-0.231,-0.107
2025-09-07,-0.081,-0.285,-0.241,-0.114
2025-09-08,-0.095,-0.308,-0.275,-0.140
2025-09-09,-0.081,-0.359,-0.314,-0.156
2025-09-10,0.015,-0.417,-0.357,-0.185
2025-09-11,0.092,-0.457,-0.388,-0.217
2025-09-12,0.145,-0.537,-0.440,-0.264
2025-09-13,0.179,-0.559,-0.456,-0.257
2025-09-14,0.120,-0.505,-0.420,-0.222
2025-09-15,0.103,-0.446,-0.369,-0.166
2025-09-16,0.103,-0.383,-0.317,-0.145
2025-09-17,0.088,-0.326,-0.293,-0.147
2025-09-18,0.075,-0.266,-0.291,-0.146
2025-09-19,-0.043,-0.237,-0.305,-0.104
2025-09-20,-0.086,-0.206,-0.312,-0.043
2025-09-21,-0.182,-0.204,-0.323,-0.025
2025-09-22,-0.189,-0.250,-0.379,-0.048
2025-09-23,-0.070,-0.282,-0.455,-0.045
2025-09-24,-0.020,-0.313,-0.509,-0.026
2025-09-25,-0.122,-0.372,-0.525,-0.056
2025-09-26,-0.138,-0.426,-0.516,-0.097
2025-09-27,-0.150,-0.429,-0.477,-0.130
2025-09-28,-0.250,-0.366,-0.412,-0.118
2025-09-29,-0.281,-0.307,-0.356,-0.088
2025-09-30,-0.312,-0.238,-0.331,-0.062
2025-10-01,-0.168,-0.172,-0.338,-0.097
2025-10-02,0.107,-0.096,-0.339,-0.164
2025-10-03,0.012,-0.055,-0.324,-0.211
2025-10-04,-0.043,-0.034,-0.321,-0.235
2025-10-05,-0.036,-0.015,-0.320,-0.216
2025-10-06,-0.062,-0.019,-0.291,-0.165
2025-10-07,-0.076,-0.068,-0.241,-0.067
2025-10-08,-0.174,-0.117,-0.215,0.034
2025-10-09,-0.239,-0.165,-0.233,0.068
2025-10-10,-0.290,-0.227,-0.270,0.065
2025-10-11,-0.229,-0.303,-0.309,0.046
2025-10-12,-0.230,-0.375,-0.359,0.035
2025-10-13,-0.353,-0.409,-0.394,0.038
2025-10-14,-0.501,-0.386,-0.383,0.055
2025-10-15,-0.445,-0.330,-0.364,0.088
2025-10-16,-0.437,-0.251,-0.353,0.113
2025-10-17,-0.233,-0.182,-0.347,0.102
2025-10-18,0.113,-0.145,-0.363,0.085
2025-10-19,0.292,-0.116,-0.383,0.024
2025-10-20,0.343,-0.150,-0.391,-0.043
2025-10-21,0.326,-0.240,-0.416,-0.125
2025-10-22,0.256,-0.351,-0.446,-0.187
2025-10-23,0.246,-0.454,-0.468,-0.220
2025-10-24,0.245,-0.510,-0.475,-0.221
2025-10-25,0.177,-0.528,-0.480,-0.225
2025-10-26,0.122,-0.493,-0.474,-0.250
2025-10-27,0.106,-0.459,-0.482,-0.280
2025-10-28,0.114,-0.424,-0.479,-0.275
2025-10-29,0.048,-0.382,-0.459,-0.256
2025-10-30,0.002,-0.362,-0.449,-0.256
2025-10-31,-0.061,-0.367,-0.455,-0.199
2025-11-01,-0.160,-0.356,-0.430,-0.128
2025-11-02,-0.164,-0.325,-0.374,-0.090
2025-11-03,-0.154,-0.297,-0.341,-0.160
2025-11-04,-0.168,-0.334,-0.366,-0.229
2025-11-05,-0.267,-0.406,-0.443,-0.275
2025-11-06,-0.384,-0.490,-0.521,-0.363
2025-11-07,-0.519,-0.561,-0.582,-0.427
2025-11-08,-0.592,-0.593,-0.594,-0.432
2025-11-09,-0.682,-0.631,-0.582,-0.414
2025-11-10,-0.709,-0.667,-0.574,-0.387
2025-11-11,-0.691,-0.698,-0.572,-0.371
2025-11-12,-0.711,-0.724,-0.562,-0.386
2025-11-13,-0.789,-0.708,-0.541,-0.380
2025-11-14,-0.830,-0.678,-0.510,-0.290
2025-11-15,-0.862,-0.627,-0.520,-0.208
2025-11-16,-0.782,-0.573,-0.535,-0.155
2025-11-17,-0.654,-0.530,-0.536,-0.111
2025-11-18,-0.530,-0.520,-0.530,-0.134
2025-11-19,-0.498,-0.503,-0.508,-0.195
2025-11-20,-0.518,-0.487,-0.509,-0.244
2025-11-21,-0.432,-0.489,-0.537,-0.297
2025-11-22,-0.398,-0.511,-0.582,-0.320
2025-11-23,-0.263,-0.545,-0.614,-0.327
2025-11-24,-0.124,-0.554,-0.591,-0.286
2025-11-25,-0.031,-0.530,-0.560,-0.236
2025-11-26,0.029,-0.457,-0.498,-0.237
2025-11-27,0.014,-0.381,-0.447,-0.231
2025-11-28,-0.046,-0.340,-0.397,-0.219
2025-11-29,-0.080,-0.334,-0.359,-0.188
2025-11-30,-0.131,-0.361,-0.340,-0.154
2025-12-01,-0.216,-0.351,-0.324,-0.135
2025-12-02,-0.301,-0.358,-0.335,-0.122
2025-12-03,-0.390,-0.364,-0.353,-0.067
2025-12-04,-0.406,-0.374,-0.353,0.010
2025-12-05,-0.337,-0.390,-0.376,0.046
2025-12-06,-0.306,-0.424,-0.408,0.046
2025-12-07,-0.281,-0.476,-0.473,-0.002
2025-12-08,-0.253,-0.559,-0.526,-0.105
2025-12-09,-0.256,-0.651,-0.542,-0.129
2025-12-10,-0.283,-0.735,-0.545,-0.137
2025-12-11,-0.380,-0.818,-0.565,-0.117
2025-12-12,-0.465,-0.897,-0.591,-0.096
2025-12-13,-0.462,-0.933,-0.628,-0.100
2025-12-14,-0.539,-0.951,-0.655,-0.140
2025-12-15,-0.601,-0.961,-0.664,-0.096
2025-12-16,-0.686,-0.918,-0.636,-0.053
2025-12-17,-0.709,-0.835,-0.584,-0.027
2025-12-18,-0.627,-0.754,-0.561,-0.057
2025-12-19,-0.440,-0.682,-0.559,-0.117
2025-12-20,-0.282,-0.676,-0.561,-0.149
2025-12-21,-0.257,-0.717,-0.583,-0.164
2025-12-22,-0.244,-0.728,-0.609,-0.164
2025-12-23,-0.245,-0.721,-0.636,-0.151
2025-12-24,-0.353,-0.715,-0.665,-0.152
2025-12-25,-0.421,-0.731,-0.691,-0.123
2025-12-26,-0.559,-0.747,-0.697,-0.100
2025-12-27,-0.727,-0.727,-0.631,-0.099
2025-12-28,-0.886,-0.719,-0.589,-0.121
2025-12-29,-0.951,-0.746,-0.597,-0.166
2025-12-30,-0.918,-0.813,-0.604,-0.168
2025-12-31,-0.906,-0.927,-0.623,-0.062
2026-01-01,-0.912,-1.020,-0.633,0.011
2026-01-02,-0.937,-1.079,-0.643,0.058
2026-01-03,-0.902,-1.091,-0.645,0.100
2026-01-04,-0.858,-1.098,-0.671,0.093
2026-01-05,-0.807,-1.113,-0.714,0.024
2026-01-06,-0.746,-1.100,-0.739,0.020
2026-01-07,-0.634,-1.049,-0.758,-0.013
2026-01-08,-0.537,-0.968,-0.758,-0.085
2026-01-09,-0.402,-0.875,-0.771,-0.118
2026-01-10,-0.267,-0.763,-0.756,-0.129
2026-01-11,-0.221,-0.654,-0.728,-0.158
2026-01-12,-0.184,-0.583,-0.711,-0.152
2026-01-13,-0.176,-0.515,-0.696,-0.150
2026-01-14,-0.154,-0.465,-0.682,-0.100
2026-01-15,-0.116,-0.408,-0.662,-0.067
2026-01-16,-0.090,-0.357,-0.616,-0.079
2026-01-17,-0.089,-0.303,-0.563,-0.065
2026-01-18,-0.116,-0.260,-0.534,-0.040
2026-01-19,-0.108,-0.258,-0.532,-0.004
2026-01-20,-0.050,-0.260,-0.532,0.049
2026-01-21,-0.004,-0.268,-0.537,0.100
2026-01-22,0.026,-0.267,-0.532,0.160
2026-01-23,0.095,-0.265,-0.514,0.220
2026-01-24,0.146,-0.262,-0.504,0.237
2026-01-25,0.225,-0.262,-0.505,0.168
2026-01-26,0.346,-0.309,-0.513,0.149
2026-01-27,0.380,-0.345,-0.506,0.148
2026-01-28,0.372,-0.378,-0.551,0.092
2026-01-29,0.364,-0.398,-0.616,-0.060
2026-01-30,0.425,-0.373,-0.649,-0.039
2026-01-31,0.469,-0.314,-0.636,-0.037
2026-02-01,0.554,-0.294,-0.612,-0.052
2026-02-02,0.698,-0.263,-0.573,-0.049
2026-02-03,0.709,-0.213,-0.544,-0.012
2026-02-04,0.800,-0.168,-0.524,0.032
2026-02-05,0.799,-0.140,-0.490,0.058
2026-02-06,0.815,-0.139,-0.464,0.091
2026-02-07,0.881,-0.112,-0.427,0.132
2026-02-08,0.904,-0.093,-0.389,0.156
2026-02-09,0.851,-0.081,-0.351,0.196
2026-02-10,0.879,-0.083,-0.300,0.250
2026-02-11,0.918,-0.054,-0.241,0.309
2026-02-12,0.899,-0.001,-0.189,0.377
2026-02-13,0.944,0.043,-0.163,0.392
2026-02-14,0.953,0.024,-0.173,0.387
2026-02-15,1.050,-0.011,-0.193,0.379
2026-02-16,1.171,-0.012,-0.185,0.346
2026-02-17,1.319,-0.005,-0.164,0.303
2026-02-18,1.361,0.006,-0.124,0.297
2026-02-19,1.379,0.053,-0.093,0.319
2026-02-20,1.393,0.087,-0.073,0.364
2026-02-21,1.375,0.100,-0.057,0.412
2026-02-22,1.398,0.111,-0.054,0.436
2026-02-23,1.385,0.085,-0.085,0.462
2026-02-24,1.296,0.020,-0.144,0.425
2026-02-25,1.250,-0.003,-0.152,0.386
2026-02-26,1.308,-0.023,-0.155,0.361
2026-02-27,1.371,-0.035,-0.176,0.304
2026-02-28,1.359,-0.004,-0.193,0.245
2026-03-01,1.363,0.042,-0.202,0.188
2026-03-02,1.312,0.104,-0.196,0.179
2026-03-03,1.310,0.149,-0.189,0.185
2026-03-04,1.352,0.213,-0.185,0.165
2026-03-05,1.421,0.264,-0.182,0.172
2026-03-06,1.253,0.364,0.022,0.294
2026-03-07,1.591,0.377,-0.121,0.171
2026-03-08,1.736,0.411,-0.098,0.180
2026-03-09,1.816,0.443,-0.083,0.167
2026-03-10,1.717,0.469,-0.073,0.188
2026-03-11,1.605,0.482,-0.071,0.209
2026-03-12,1.647,0.495,-0.082,0.198
2026-03-13,1.638,0.476,-0.096,0.195
2026-03-14,1.591,0.416,-0.088,0.215
2026-03-15,1.575,0.374,-0.053,0.263
2026-03-16,1.559,0.351,0.010,0.335
2026-03-17,1.611,0.408,0.068,0.364
2026-03-18,1.645,0.423,0.115,0.359
2026-03-19,1.684,0.390,0.138,0.341
2026-03-20,1.692,0.368,0.138,0.338
2026-03-21,1.683,0.380,0.139,0.375
2026-03-22,1.664,0.399,0.181,0.457
2026-03-23,1.663,0.392,0.248,0.590
2026-03-24,1.530,0.348,0.287,0.655
2026-03-25,1.440,0.291,0.295,0.702
2026-03-26,1.415,0.226,0.251,0.765
2026-03-27,1.463,0.173,0.197,0.767
2026-03-28,1.571,0.173,0.181,0.762
2026-03-29,1.594,0.187,0.175,0.743
2026-03-30,1.577,0.221,0.177,0.686
2026-03-31,1.557,0.268,0.177,0.649
2026-04-01,1.600,0.304,0.176,0.610
2026-04-02,1.654,0.321,0.180,0.640
2026-04-03,1.639,0.339,0.199,0.661
2026-04-04,1.644,0.359,0.226,0.686
2026-04-05,1.689,0.377,0.263,0.697
2026-04-06,1.792,0.385,0.302,0.700
2026-04-07,1.879,0.408,0.332,0.699
2026-04-08,1.881,0.441,0.350,0.697
2026-04-09,1.890,0.480,0.312,0.732
2026-04-10,1.926,0.530,0.284,0.792
2026-04-11,1.998,0.579,0.295,0.863
2026-04-12,2.032,0.645,0.393,0.959
2026-04-13,2.023,0.720,0.479,0.982
2026-04-14,1.985,0.764,0.544,0.980
2026-04-15,1.953,0.764,0.603,1.002
2026-04-16,1.945,0.747,0.662,1.074
2026-04-17,1.990,0.765,0.716,1.124
2026-04-18,2.030,0.805,0.754,1.154
2026-04-19,2.052,0.887,0.818,1.179
2026-04-20,2.137,0.998,0.879,1.186
2026-04-21,2.167,1.067,0.897,1.165
2026-04-22,2.113,1.111,0.911,1.139
2026-04-23,2.018,1.135,0.895,1.085
2026-04-24,1.848,1.149,0.910,1.064
2026-04-25,1.698,1.161,0.942,1.017
2026-04-26,1.620,1.155,0.972,0.981
2026-04-27,1.563,1.117,0.972,0.975
2026-04-28,1.512,1.119,1.005,1.015
2026-04-29,1.408,1.150,1.063,1.073
2026-04-30,1.372,1.194,1.114,1.092
2026-05-01,1.466,1.214,1.102,1.050
2026-05-02,1.599,1.192,1.050,1.049
2026-05-03,1.714,1.193,1.026,1.066
2026-05-04,1.789,1.217,1.041,1.100
2026-05-05,1.850,1.223,1.031,1.052
2026-05-06,1.898,1.203,0.978,1.059
2026-05-07,1.946,1.173,0.946,1.085
2026-05-08,1.961,1.156,0.932,1.095
2026-05-09,1.934,1.186,0.955,1.093
2026-05-10,1.914,1.240,0.995,1.093
2026-05-11,1.972,1.286,1.015,1.083
2026-05-12,2.099,1.307,1.040,1.129
2026-05-13,2.143,1.303,1.057,1.143
2026-05-14,2.161,1.293,1.063,1.180
2026-05-15,2.190,1.288,1.079,1.199
2026-05-16,2.242,1.285,1.088,1.227
2026-05-17,2.262,1.298,1.128,1.258
2026-05-18,2.317,1.270,1.110,1.256
2026-05-19,2.320,1.276,1.093,1.224
2026-05-20,2.333,1.269,1.067,1.161
2026-05-21,2.349,1.275,1.053,1.120
2026-05-22,2.341,1.298,1.026,1.095
2026-05-23,2.344,1.329,1.025,1.103
2026-05-24,2.381,1.354,1.056,1.177
2026-05-25,2.391,1.365,1.074,1.235
2026-05-26,2.393,1.395,1.092,1.249
2026-05-27,2.421,1.400,1.096,1.286
2026-05-28,2.470,1.426,1.123,1.274
2026-05-29,2.505,1.455,1.151,1.289
2026-05-30,2.572,1.480,1.170,1.315
2026-05-31,2.649,1.506,1.192,1.305
2026-06-01,2.727,1.563,1.277,1.304
2026-06-02,2.746,1.617,1.381,1.353
2026-06-03,2.752,1.654,1.484,1.412
2026-06-04,2.711,1.705,1.594,1.483
2026-06-05,2.658,1.749,1.658,1.526
2026-06-06,2.670,1.769,1.687,1.527
2026-06-07,2.746,1.774,1.682,1.528
2026-06-08,2.756,1.786,1.644,1.502
2026-06-09,2.744,1.782,1.636,1.489
2026-06-10,2.850,1.796,1.664,1.532
2026-06-11,2.854,1.813,1.688,1.594
2026-06-12,2.856,1.870,1.737,1.591
2026-06-13,2.957,1.919,1.779,1.598
2026-06-14,3.120,1.962,1.805,1.637
2026-06-15,3.281,2.023,1.825,1.604
2026-06-16,3.338,2.084,1.850,1.556
2026-06-17,3.301,2.156,1.899,1.564
2026-06-18,3.284,2.197,1.926,1.552
2026-06-19,3.288,2.213,1.963,1.554
2026-06-20,3.267,2.215,1.960,1.505
2026-06-21,3.202,2.205,1.948,1.473
2026-06-22,3.185,2.203,1.961,1.454
2026-06-23,3.211,2.228,1.968,1.443
2026-06-24,3.213,2.241,1.956,1.399
2026-06-25,3.195,2.249,1.946,1.390
2026-06-26,3.206,2.253,1.939,1.366
2026-06-27,3.264,2.269,1.946,1.377
2026-06-28,3.325,2.235,1.947,1.372
2026-06-29,3.301,2.201,1.943,1.361
2026-06-30,3.299,2.207,1.943,1.387
2026-07-01,3.311,2.235,1.926,1.311
2026-07-02,3.325,2.251,1.884,1.287
2026-07-03,3.350,2.249,1.909,1.321
2026-07-04,3.357,2.280,1.949,1.384
2026-07-05,3.371,2.315,1.993,1.394
2026-07-06,3.370,2.343,2.065,1.421
2026-07-07,3.321,2.352,2.118,1.458
2026-07-08,3.286,2.356,2.144,1.454
2026-07-09,3.356,2.372,2.164,1.410
2026-07-10,3.432,2.404,2.187,1.369
2026-07-11,3.512,2.433,2.202,1.376
2026-07-12,3.591,2.471,2.198,1.345
2026-07-13,3.646,2.500,2.191,1.315
2026-07-14,3.647,2.522,2.240,1.328
2026-07-15,3.676,2.525,2.286,1.340
2026-07-16,3.733,2.513,2.322,1.366
2026-07-17,3.779,2.476,2.291,1.326
2026-07-18,3.765,2.479,2.298,1.297
2026-07-19,3.650,2.534,2.306,1.282
2026-07-20,3.543,2.576,2.323,1.287
2026-07-21,3.556,2.609,2.341,1.238
2026-07-22,3.578,2.636,2.350,1.205
2026-07-23,3.543,2.664,2.372,1.226
2026-07-24,3.534,2.708,2.398,1.233
2026-07-25,3.538,2.759,2.423,1.215
2026-07-26,3.626,2.804,2.433,1.181
2026-07-27,3.774,2.844,2.443,1.125
2026-07-28,3.818,2.869,2.443,1.136
2026-07-29,3.782,2.887,2.467,1.174
2026-07-30,3.789,2.934,2.502,1.215
2026-07-31,3.870,2.989,2.570,1.256
2026-08-01,3.960,3.045,2.613,1.285
2026-08-02,3.982,3.101,2.642,1.267
2026-08-03,4.017,3.156,2.670,1.243
2026-08-04,3.983,3.162,2.678,1.259
2026-08-05,3.978,3.152,2.637,1.215
2026-08-06,3.967,3.160,2.586,1.167
2026-08-07,3.939,3.174,2.591,1.172
2026-08-08,3.969,3.213,2.633,1.199
2026-08-09,4.022,3.229,2.679,1.258
2026-08-10,4.101,3.267,2.686,1.255
2026-08-11,4.187,3.304,2.650,1.199
2026-08-12,4.213,3.325,2.654,1.180
2026-08-13,4.201,3.355,2.682,1.192
2026-08-14,4.224,3.381,2.708,1.193
2026-08-15,4.355,3.377,2.711,1.134
2026-08-16,4.392,3.359,2.698,1.049
2026-08-17,4.305,3.316,2.662,1.017
2026-08-18,4.128,3.286,2.637,1.024
2026-08-19,3.942,3.258,2.626,1.053
2026-08-20,3.899,3.252,2.616,1.073
2026-08-21,3.930,3.291,2.645,1.097
2026-08-22,3.973,3.350,2.700,1.114
2026-08-23,4.078,3.353,2.690,1.118
2026-08-24,4.216,3.357,2.691,1.120
2026-08-25,4.268,3.340,2.672,1.144
2026-08-26,4.361,3.337,2.662,1.147
2026-08-27,4.391,3.357,2.678,1.152
2026-08-28,4.382,3.371,2.700,1.147
2026-08-29,4.324,3.381,2.719,1.148
2026-08-30,4.373,3.413,2.749,1.189
2026-08-31,4.427,3.436,2.740,1.204
2026-09-01,4.407,3.455,2.749,1.193
2026-09-02,4.478,3.490,2.783,1.180
2026-09-03,4.566,3.525,2.801,1.145
2026-09-04,4.655,3.557,2.826,1.125
2026-09-05,4.711,3.584,2.865,1.126
2026-09-06,4.693,3.629,2.894,1.081
2026-09-07,4.627,3.666,2.887,1.031
2026-09-08,4.646,3.702,2.874,0.972
2026-09-09,4.681,3.704,2.840,0.927
2026-09-10,4.694,3.683,2.807,0.909
2026-09-11,4.659,3.701,2.850,0.965
2026-09-12,4.698,3.716,2.880,1.030
2026-09-13,4.758,3.711,2.909,1.073
2026-09-14,4.848,3.736,2.944,1.141
2026-09-15,4.870,3.764,2.970,1.164
2026-09-16,4.839,3.780,2.990,1.168
2026-09-17,4.948,3.817,3.008,1.195
2026-09-18,5.007,3.865,3.036,1.224
2026-09-19,4.673,3.862,3.098,1.208
2026-09-20,4.472,3.905,3.088,1.179
2026-09-21,4.670,3.883,3.138,1.311
2026-09-22,4.828,3.818,3.079,1.375
2026-09-23,4.801,3.731,2.982,1.351
2026-09-24,4.831,3.825,3.000,1.298
2026-09-25,4.954,4.105,3.187,1.251
2026-09-26,5.101,4.081,3.175,1.296
2026-09-27,5.158,4.028,3.175,1.348
2026-09-28,5.350,4.090,3.177,1.341
2026-09-29,5.378,4.131,3.221,1.355
2026-09-30,5.406,4.155,3.258,1.309
2026-10-01,5.514,4.202,3.349,1.438
2026-10-02,5.423,4.200,3.339,1.551
